#
# There is insufficient memory for the Java Runtime Environment to continue.
# Native memory allocation (mmap) failed to map 115343360 bytes. Error detail: G1 virtual space
# Possible reasons:
#   The system is out of physical RAM or swap space
#   This process is running with CompressedOops enabled, and the Java Heap may be blocking the growth of the native heap
# Possible solutions:
#   Reduce memory load on the system
#   Increase physical memory or swap space
#   Check if swap backing store is full
#   Decrease Java heap size (-Xmx/-Xms)
#   Decrease number of Java threads
#   Decrease Java thread stack sizes (-Xss)
#   Set larger code cache with -XX:ReservedCodeCacheSize=
#   JVM is running with Unscaled Compressed Oops mode in which the Java heap is
#     placed in the first 4GB address space. The Java Heap base address is the
#     maximum limit for the native heap growth. Please use -XX:HeapBaseMinAddress
#     to set the Java Heap base and to place the Java Heap above 4GB virtual address.
# This output file may be truncated or incomplete.
#
#  Out of Memory Error (os_windows.cpp:3828), pid=19940, tid=20496
#
# JRE version: OpenJDK Runtime Environment (21.0.5) (build 21.0.5+-12932927-b750.29)
# Java VM: OpenJDK 64-Bit Server VM (21.0.5+-12932927-b750.29, mixed mode, tiered, compressed oops, compressed class ptrs, g1 gc, windows-amd64)
# No core dump will be written. Minidumps are not enabled by default on client versions of Windows
#

---------------  S U M M A R Y ------------

Command Line: --add-opens=java.base/java.lang=ALL-UNNAMED --add-opens=java.base/java.lang.invoke=ALL-UNNAMED --add-opens=java.base/java.util=ALL-UNNAMED --add-opens=java.prefs/java.util.prefs=ALL-UNNAMED --add-exports=jdk.compiler/com.sun.tools.javac.api=ALL-UNNAMED --add-exports=jdk.compiler/com.sun.tools.javac.util=ALL-UNNAMED --add-opens=java.base/java.util=ALL-UNNAMED --add-opens=java.prefs/java.util.prefs=ALL-UNNAMED --add-opens=java.base/java.nio.charset=ALL-UNNAMED --add-opens=java.base/java.net=ALL-UNNAMED --add-opens=java.base/java.util.concurrent.atomic=ALL-UNNAMED --add-opens=java.xml/javax.xml.namespace=ALL-UNNAMED -Xmx2048m -Dfile.encoding=UTF-8 -Duser.country=US -Duser.language=en -Duser.variant -javaagent:C:\Users\Phong Nguyen\.gradle\wrapper\dists\gradle-8.11.1-bin\bpt9gzteqjrbo1mjrsomdt32c\gradle-8.11.1\lib\agents\gradle-instrumentation-agent-8.11.1.jar org.gradle.launcher.daemon.bootstrap.GradleDaemon 8.11.1

Host: 12th Gen Intel(R) Core(TM) i5-12500H, 16 cores, 15G,  Windows 11 , 64 bit Build 26100 (10.0.26100.3323)
Time: Fri Mar 28 09:37:53 2025 SE Asia Standard Time elapsed time: 374.777354 seconds (0d 0h 6m 14s)

---------------  T H R E A D  ---------------

Current thread (0x00000224fad836f0):  VMThread "VM Thread"          [id=20496, stack(0x0000006dec900000,0x0000006deca00000) (1024K)]

Stack: [0x0000006dec900000,0x0000006deca00000]
Native frames: (J=compiled Java code, j=interpreted, Vv=VM code, C=native code)
V  [jvm.dll+0x6cfb29]
V  [jvm.dll+0x85ded3]
V  [jvm.dll+0x86042e]
V  [jvm.dll+0x860b13]
V  [jvm.dll+0x27e6b6]
V  [jvm.dll+0x6cc385]
V  [jvm.dll+0x6c078a]
V  [jvm.dll+0x35525b]
V  [jvm.dll+0x35ceb6]
V  [jvm.dll+0x3aedd6]
V  [jvm.dll+0x3af0a8]
V  [jvm.dll+0x32792c]
V  [jvm.dll+0x32a336]
V  [jvm.dll+0x33426d]
V  [jvm.dll+0x36b8e5]
V  [jvm.dll+0x866898]
V  [jvm.dll+0x867c14]
V  [jvm.dll+0x868150]
V  [jvm.dll+0x8683e3]
V  [jvm.dll+0x806368]
V  [jvm.dll+0x6ce3fd]
C  [ucrtbase.dll+0x37b0]
C  [KERNEL32.DLL+0x2e8d7]
C  [ntdll.dll+0xbbf6c]

VM_Operation (0x0000006dec4ff470): G1PauseRemark, mode: safepoint, requested by thread 0x00000224e38056b0


---------------  P R O C E S S  ---------------

Threads class SMR info:
_java_thread_list=0x0000022495247cf0, length=289, elements={
0x00000224e379c370, 0x00000224fba6d920, 0x00000224fba711b0, 0x00000224fba8b810,
0x00000224fba8be70, 0x00000224fba944e0, 0x00000224fba97980, 0x00000224fba997c0,
0x00000224fbaaa480, 0x00000224fba95220, 0x00000224fba96c60, 0x00000224fba94b90,
0x00000224fba958b0, 0x00000224fba98010, 0x0000022485f0c500, 0x0000022485f0f2f0,
0x0000022485f0ec60, 0x0000022485f0f980, 0x0000022485f0d220, 0x0000022485f10d30,
0x000002248aa49ac0, 0x00000224863ded60, 0x000002248750dd80, 0x0000022487511f20,
0x000002248c437270, 0x000002248c435ec0, 0x000002248c436be0, 0x000002248c437900,
0x000002248c438620, 0x000002248c4399d0, 0x000002248c436550, 0x000002248c43c130,
0x000002248c43d4e0, 0x000002248c43db70, 0x000002248c43ad80, 0x000002248c43fc40,
0x000002248c43ef20, 0x000002248c43f5b0, 0x000002248c4402d0, 0x0000022491012810,
0x0000022491f95000, 0x000002248c43ce50, 0x0000022492348a60, 0x00000224923476b0,
0x000002248751b610, 0x000002248751bca0, 0x00000224934e1e30, 0x00000224934e1110,
0x00000224934e24c0, 0x00000224934e17a0, 0x00000224934df040, 0x00000224934e2b50,
0x00000224934df6d0, 0x00000224934e31e0, 0x00000224934dfd60, 0x00000224934e3870,
0x00000224934e03f0, 0x00000224934e0a80, 0x00000224934e3f00, 0x00000224934c5960,
0x00000224934c6d10, 0x00000224934c6680, 0x00000224934c5ff0, 0x00000224934c73a0,
0x00000224934c4c40, 0x00000224934c52d0, 0x00000224934c8750, 0x00000224934c9b00,
0x00000224934c8de0, 0x00000224934ca190, 0x00000224934caeb0, 0x00000224934c7a30,
0x00000224934cb540, 0x00000224934ca820, 0x00000224934c80c0, 0x00000224934cbbd0,
0x00000224934cc8f0, 0x00000224934c9470, 0x00000224934cdca0, 0x00000224934cd610,
0x00000224934d0400, 0x00000224934ce330, 0x00000224934ce9c0, 0x00000224934cf050,
0x00000224934cf6e0, 0x00000224934cfd70, 0x00000224934ccf80, 0x00000224934d31f0,
0x00000224934d1120, 0x0000022494b0f050, 0x0000022494b12da0, 0x0000022494b0f720,
0x00000224934d3880, 0x00000224934d3f10, 0x00000224934d2b60, 0x00000224934d1e40,
0x00000224934d0a90, 0x00000224934d5950, 0x00000224934d7390, 0x00000224934d4c30,
0x00000224934d52c0, 0x00000224934d6670, 0x00000224934d45a0, 0x00000224934d7a20,
0x00000224934d8dd0, 0x00000224934d80b0, 0x00000224934d6d00, 0x00000224934d8740,
0x00000224934d9460, 0x00000224934d5fe0, 0x00000224934daea0, 0x00000224934db530,
0x00000224934dc8e0, 0x00000224934d9af0, 0x00000224934dc250, 0x00000224934dcf70,
0x00000224934dd600, 0x00000224934da180, 0x00000224934ddc90, 0x00000224934da810,
0x00000224934de320, 0x00000224934de9b0, 0x00000224923455e0, 0x00000224923490f0,
0x0000022492345c70, 0x0000022492346300, 0x0000022492349e10, 0x000002249234ab30,
0x000002249234a4a0, 0x000002249234b1c0, 0x0000022492347d40, 0x000002249234bee0,
0x000002249234c570, 0x000002249234cc00, 0x0000022492349780, 0x000002249234e640,
0x000002249234d920, 0x000002249234ecd0, 0x000002249234dfb0, 0x000002249234f360,
0x000002249234f9f0, 0x0000022492350710, 0x000002249234d290, 0x0000022492351430,
0x0000022492352150, 0x0000022492351ac0, 0x0000022492353500, 0x00000224923527e0,
0x0000022492353b90, 0x0000022492350da0, 0x0000022492356980, 0x00000224923555d0,
0x00000224923548b0, 0x0000022492354f40, 0x00000224923562f0, 0x0000022492357010,
0x000002248c434b10, 0x000002248c43a6f0, 0x000002248c438cb0, 0x000002248c43e200,
0x000002248c43baa0, 0x000002248c43e890, 0x000002248c43b410, 0x000002248c63d880,
0x000002248c63b7b0, 0x000002248c63df10, 0x000002248c63e5a0, 0x000002248c63c4d0,
0x000002248c63be40, 0x000002248c63b120, 0x000002248c63f2c0, 0x000002248c63ec30,
0x000002248c63cb60, 0x000002248c63f950, 0x000002248c640670, 0x000002248c63ffe0,
0x0000022494391bd0, 0x00000224943928f0, 0x0000022494394330, 0x0000022494393610,
0x00000224943956e0, 0x00000224943949c0, 0x0000022494393ca0, 0x0000022494396400,
0x00000224943977b0, 0x0000022494397e40, 0x0000022494399f10, 0x0000022494396a90,
0x00000224943984d0, 0x0000022494392260, 0x0000022494398b60, 0x000002249439a5a0,
0x0000022494397120, 0x000002249439ac30, 0x000002249439d390, 0x000002249439cd00,
0x000002249439b2c0, 0x000002249439bfe0, 0x000002249439b950, 0x000002249439da20,
0x00000224943991f0, 0x000002249439e0b0, 0x000002249439e740, 0x000002249439c670,
0x00000224943a0180, 0x000002249439edd0, 0x000002249439f460, 0x000002249439faf0,
0x00000224943a0ea0, 0x00000224943a0810, 0x0000022492354220, 0x000002249235ab20,
0x00000224923576a0, 0x000002249235a490, 0x000002249235b1b0, 0x00000224923590e0,
0x0000022492357d30, 0x0000022492359e00, 0x000002249235b840, 0x0000022492358a50,
0x00000224923583c0, 0x000002249235c560, 0x000002249235e630, 0x000002249235dfa0,
0x000002249235cbf0, 0x000002249235f350, 0x000002249235d280, 0x000002249235ecc0,
0x000002249235bed0, 0x0000022492362140, 0x00000224923627d0, 0x0000022492362e60,
0x0000022492360070, 0x0000022492363b80, 0x0000022492360700, 0x0000022492364210,
0x00000224923648a0, 0x0000022491010740, 0x0000022491011af0, 0x0000022491014250,
0x0000022491012ea0, 0x0000022491013bc0, 0x0000022491010dd0, 0x0000022491012180,
0x0000022491011460, 0x00000224910176d0, 0x00000224910169b0, 0x0000022491014f70,
0x00000224910183f0, 0x0000022491018a80, 0x0000022491019110, 0x0000022491015c90,
0x00000224910197a0, 0x0000022491016320, 0x000002249101bf00, 0x000002249101cc20,
0x000002249101b870, 0x0000022491019e30, 0x000002249101dfd0, 0x000002249101e660,
0x0000022494d30bc0, 0x0000022494d2f080, 0x00000224968a26a0, 0x00000224968a6840,
0x00000224968a7560, 0x00000224968a4e00, 0x00000224968a5490, 0x00000224968a7bf0,
0x00000224968a6ed0, 0x00000224968a8280, 0x00000224968a8910, 0x00000224968a8fa0,
0x00000224968a9630, 0x00000224968a61b0, 0x00000224968a9cc0, 0x00000224968aa350,
0x00000224968aa9e0, 0x00000224968abd90, 0x00000224968ae4f0, 0x00000224968ab070,
0x00000224968aeb80, 0x0000022496894780, 0x0000022496891990, 0x0000022496892d40,
0x00000224929bdfe0, 0x00000224929c08c0, 0x00000224929bd240, 0x00000224929c2ad0,
0x00000224924ea7a0
}

Java Threads: ( => current thread )
  0x00000224e379c370 JavaThread "main"                              [_thread_blocked, id=17244, stack(0x0000006dec200000,0x0000006dec300000) (1024K)]
  0x00000224fba6d920 JavaThread "Reference Handler"          daemon [_thread_blocked, id=2396, stack(0x0000006deca00000,0x0000006decb00000) (1024K)]
  0x00000224fba711b0 JavaThread "Finalizer"                  daemon [_thread_blocked, id=16420, stack(0x0000006decb00000,0x0000006decc00000) (1024K)]
  0x00000224fba8b810 JavaThread "Signal Dispatcher"          daemon [_thread_blocked, id=1360, stack(0x0000006decc00000,0x0000006decd00000) (1024K)]
  0x00000224fba8be70 JavaThread "Attach Listener"            daemon [_thread_blocked, id=10012, stack(0x0000006decd00000,0x0000006dece00000) (1024K)]
  0x00000224fba944e0 JavaThread "Service Thread"             daemon [_thread_blocked, id=14652, stack(0x0000006dece00000,0x0000006decf00000) (1024K)]
  0x00000224fba97980 JavaThread "Monitor Deflation Thread"   daemon [_thread_blocked, id=16376, stack(0x0000006decf00000,0x0000006ded000000) (1024K)]
  0x00000224fba997c0 JavaThread "C2 CompilerThread0"         daemon [_thread_blocked, id=5184, stack(0x0000006ded000000,0x0000006ded100000) (1024K)]
  0x00000224fbaaa480 JavaThread "C1 CompilerThread0"         daemon [_thread_blocked, id=11844, stack(0x0000006ded100000,0x0000006ded200000) (1024K)]
  0x00000224fba95220 JavaThread "Common-Cleaner"             daemon [_thread_blocked, id=14000, stack(0x0000006ded200000,0x0000006ded300000) (1024K)]
  0x00000224fba96c60 JavaThread "Notification Thread"        daemon [_thread_blocked, id=8408, stack(0x0000006ded500000,0x0000006ded600000) (1024K)]
  0x00000224fba94b90 JavaThread "Daemon health stats"               [_thread_blocked, id=23092, stack(0x0000006dee000000,0x0000006dee100000) (1024K)]
  0x00000224fba958b0 JavaThread "Incoming local TCP Connector on port 57056"        [_thread_in_native, id=17716, stack(0x0000006dee100000,0x0000006dee200000) (1024K)]
  0x00000224fba98010 JavaThread "Daemon periodic checks"            [_thread_blocked, id=19448, stack(0x0000006dee200000,0x0000006dee300000) (1024K)]
  0x0000022485f0c500 JavaThread "Cache worker for journal cache (C:\Users\Phong Nguyen\.gradle\caches\journal-1)"        [_thread_blocked, id=8832, stack(0x0000006def300000,0x0000006def400000) (1024K)]
  0x0000022485f0f2f0 JavaThread "File lock request listener"        [_thread_in_native, id=14420, stack(0x0000006def400000,0x0000006def500000) (1024K)]
  0x0000022485f0ec60 JavaThread "Cache worker for file hash cache (C:\Users\Phong Nguyen\.gradle\caches\8.11.1\fileHashes)"        [_thread_blocked, id=4924, stack(0x0000006def500000,0x0000006def600000) (1024K)]
  0x0000022485f0f980 JavaThread "Cache worker for file content cache (C:\Users\Phong Nguyen\.gradle\caches\8.11.1\fileContent)"        [_thread_blocked, id=2864, stack(0x0000006def600000,0x0000006def700000) (1024K)]
  0x0000022485f0d220 JavaThread "File watcher server"        daemon [_thread_blocked, id=10716, stack(0x0000006def900000,0x0000006defa00000) (1024K)]
  0x0000022485f10d30 JavaThread "File watcher consumer"      daemon [_thread_blocked, id=7080, stack(0x0000006defa00000,0x0000006defb00000) (1024K)]
  0x000002248aa49ac0 JavaThread "Memory manager"                    [_thread_blocked, id=7864, stack(0x0000006df2b00000,0x0000006df2c00000) (1024K)]
  0x00000224863ded60 JavaThread "pool-3-thread-1"                   [_thread_blocked, id=1696, stack(0x0000006df2d00000,0x0000006df2e00000) (1024K)]
  0x000002248750dd80 JavaThread "pool-7-thread-1"                   [_thread_blocked, id=7988, stack(0x0000006df2100000,0x0000006df2200000) (1024K)]
  0x0000022487511f20 JavaThread "pool-12-thread-1"                  [_thread_blocked, id=13408, stack(0x0000006df1e00000,0x0000006df1f00000) (1024K)]
  0x000002248c437270 JavaThread "jar transforms"                    [_thread_blocked, id=12144, stack(0x0000006dee300000,0x0000006dee400000) (1024K)]
  0x000002248c435ec0 JavaThread "jar transforms Thread 2"           [_thread_blocked, id=6400, stack(0x0000006dee400000,0x0000006dee500000) (1024K)]
  0x000002248c436be0 JavaThread "jar transforms Thread 3"           [_thread_blocked, id=17844, stack(0x0000006dee500000,0x0000006dee600000) (1024K)]
  0x000002248c437900 JavaThread "jar transforms Thread 4"           [_thread_blocked, id=2684, stack(0x0000006dee600000,0x0000006dee700000) (1024K)]
  0x000002248c438620 JavaThread "jar transforms Thread 5"           [_thread_blocked, id=3380, stack(0x0000006dee700000,0x0000006dee800000) (1024K)]
  0x000002248c4399d0 JavaThread "jar transforms Thread 6"           [_thread_blocked, id=9180, stack(0x0000006dee800000,0x0000006dee900000) (1024K)]
  0x000002248c436550 JavaThread "jar transforms Thread 7"           [_thread_blocked, id=16928, stack(0x0000006dee900000,0x0000006deea00000) (1024K)]
  0x000002248c43c130 JavaThread "jar transforms Thread 8"           [_thread_blocked, id=12700, stack(0x0000006def700000,0x0000006def800000) (1024K)]
  0x000002248c43d4e0 JavaThread "jar transforms Thread 9"           [_thread_blocked, id=11840, stack(0x0000006def800000,0x0000006def900000) (1024K)]
  0x000002248c43db70 JavaThread "jar transforms Thread 10"          [_thread_blocked, id=7056, stack(0x0000006defb00000,0x0000006defc00000) (1024K)]
  0x000002248c43ad80 JavaThread "jar transforms Thread 11"          [_thread_blocked, id=21476, stack(0x0000006defc00000,0x0000006defd00000) (1024K)]
  0x000002248c43fc40 JavaThread "jar transforms Thread 12"          [_thread_blocked, id=16932, stack(0x0000006defd00000,0x0000006defe00000) (1024K)]
  0x000002248c43ef20 JavaThread "jar transforms Thread 13"          [_thread_blocked, id=17680, stack(0x0000006defe00000,0x0000006deff00000) (1024K)]
  0x000002248c43f5b0 JavaThread "jar transforms Thread 14"          [_thread_blocked, id=9204, stack(0x0000006deff00000,0x0000006df0000000) (1024K)]
  0x000002248c4402d0 JavaThread "jar transforms Thread 15"          [_thread_blocked, id=15520, stack(0x0000006df0000000,0x0000006df0100000) (1024K)]
  0x0000022491012810 JavaThread "jar transforms Thread 16"          [_thread_blocked, id=6412, stack(0x0000006df0100000,0x0000006df0200000) (1024K)]
  0x0000022491f95000 JavaThread "pool-15-thread-1"                  [_thread_blocked, id=17648, stack(0x0000006df4200000,0x0000006df4300000) (1024K)]
  0x000002248c43ce50 JavaThread "pool-18-thread-1"                  [_thread_blocked, id=8224, stack(0x0000006df3800000,0x0000006df3900000) (1024K)]
  0x0000022492348a60 JavaThread "Daemon Thread 4"                   [_thread_blocked, id=10820, stack(0x0000006debf00000,0x0000006dec000000) (1024K)]
  0x00000224923476b0 JavaThread "Daemon worker Thread 3"            [_thread_blocked, id=2032, stack(0x0000006ded400000,0x0000006ded500000) (1024K)]
  0x000002248751b610 JavaThread "pool-21-thread-1"                  [_thread_blocked, id=19640, stack(0x0000006df3b00000,0x0000006df3c00000) (1024K)]
  0x000002248751bca0 JavaThread "included builds"                   [_thread_blocked, id=4716, stack(0x0000006df3c00000,0x0000006df3d00000) (1024K)]
  0x00000224934e1e30 JavaThread "VFS cleanup Thread 3"              [_thread_blocked, id=23160, stack(0x0000006ded600000,0x0000006ded700000) (1024K)]
  0x00000224934e1110 JavaThread "Handler for socket connection from /127.0.0.1:57056 to /127.0.0.1:57278"        [_thread_in_native, id=21084, stack(0x0000006dec100000,0x0000006dec200000) (1024K)]
  0x00000224934e24c0 JavaThread "Cancel handler"                    [_thread_blocked, id=18796, stack(0x0000006ded300000,0x0000006ded400000) (1024K)]
  0x00000224934e17a0 JavaThread "Asynchronous log dispatcher for DefaultDaemonConnection: socket connection from /127.0.0.1:57056 to /127.0.0.1:57278"        [_thread_blocked, id=9320, stack(0x0000006ded700000,0x0000006ded800000) (1024K)]
  0x00000224934df040 JavaThread "Stdin handler"                     [_thread_blocked, id=16672, stack(0x0000006ded800000,0x0000006ded900000) (1024K)]
  0x00000224934e2b50 JavaThread "Daemon client event forwarder"        [_thread_blocked, id=12208, stack(0x0000006ded900000,0x0000006deda00000) (1024K)]
  0x00000224934df6d0 JavaThread "Cache worker for file hash cache (C:\Users\Phong Nguyen\AndroidStudioProjects\th5_bai7_video\.gradle\8.11.1\fileHashes)"        [_thread_blocked, id=11728, stack(0x0000006dedf00000,0x0000006dee000000) (1024K)]
  0x00000224934e31e0 JavaThread "Cache worker for Build Output Cleanup Cache (C:\Users\Phong Nguyen\AndroidStudioProjects\th5_bai7_video\.gradle\buildOutputCleanup)"        [_thread_blocked, id=13708, stack(0x0000006df0200000,0x0000006df0300000) (1024K)]
  0x00000224934dfd60 JavaThread "Cache worker for checksums cache (C:\Users\Phong Nguyen\AndroidStudioProjects\th5_bai7_video\.gradle\8.11.1\checksums)"        [_thread_blocked, id=12736, stack(0x0000006df0300000,0x0000006df0400000) (1024K)]
  0x00000224934e3870 JavaThread "Cache worker for cache directory md-rule (C:\Users\Phong Nguyen\.gradle\caches\8.11.1\md-rule)"        [_thread_blocked, id=16388, stack(0x0000006df0400000,0x0000006df0500000) (1024K)]
  0x00000224934e03f0 JavaThread "Cache worker for cache directory md-supplier (C:\Users\Phong Nguyen\.gradle\caches\8.11.1\md-supplier)"        [_thread_blocked, id=9416, stack(0x0000006df0500000,0x0000006df0600000) (1024K)]
  0x00000224934e0a80 JavaThread "Unconstrained build operations"        [_thread_blocked, id=14276, stack(0x0000006df0800000,0x0000006df0900000) (1024K)]
  0x00000224934e3f00 JavaThread "Unconstrained build operations Thread 2"        [_thread_blocked, id=20128, stack(0x0000006df0900000,0x0000006df0a00000) (1024K)]
  0x00000224934c5960 JavaThread "Unconstrained build operations Thread 3"        [_thread_blocked, id=11648, stack(0x0000006df0a00000,0x0000006df0b00000) (1024K)]
  0x00000224934c6d10 JavaThread "Unconstrained build operations Thread 4"        [_thread_blocked, id=5876, stack(0x0000006df0b00000,0x0000006df0c00000) (1024K)]
  0x00000224934c6680 JavaThread "Unconstrained build operations Thread 5"        [_thread_blocked, id=11640, stack(0x0000006df0c00000,0x0000006df0d00000) (1024K)]
  0x00000224934c5ff0 JavaThread "Unconstrained build operations Thread 6"        [_thread_blocked, id=11444, stack(0x0000006df0d00000,0x0000006df0e00000) (1024K)]
  0x00000224934c73a0 JavaThread "Unconstrained build operations Thread 7"        [_thread_blocked, id=19200, stack(0x0000006df0e00000,0x0000006df0f00000) (1024K)]
  0x00000224934c4c40 JavaThread "Unconstrained build operations Thread 8"        [_thread_blocked, id=14724, stack(0x0000006df0f00000,0x0000006df1000000) (1024K)]
  0x00000224934c52d0 JavaThread "Unconstrained build operations Thread 9"        [_thread_blocked, id=15464, stack(0x0000006df1000000,0x0000006df1100000) (1024K)]
  0x00000224934c8750 JavaThread "Unconstrained build operations Thread 10"        [_thread_blocked, id=12212, stack(0x0000006df1100000,0x0000006df1200000) (1024K)]
  0x00000224934c9b00 JavaThread "Unconstrained build operations Thread 11"        [_thread_blocked, id=11964, stack(0x0000006df1200000,0x0000006df1300000) (1024K)]
  0x00000224934c8de0 JavaThread "Unconstrained build operations Thread 12"        [_thread_blocked, id=21584, stack(0x0000006df1300000,0x0000006df1400000) (1024K)]
  0x00000224934ca190 JavaThread "Unconstrained build operations Thread 13"        [_thread_blocked, id=2232, stack(0x0000006df1400000,0x0000006df1500000) (1024K)]
  0x00000224934caeb0 JavaThread "Unconstrained build operations Thread 14"        [_thread_blocked, id=6924, stack(0x0000006df1500000,0x0000006df1600000) (1024K)]
  0x00000224934c7a30 JavaThread "Unconstrained build operations Thread 15"        [_thread_blocked, id=15528, stack(0x0000006df1600000,0x0000006df1700000) (1024K)]
  0x00000224934cb540 JavaThread "Unconstrained build operations Thread 16"        [_thread_blocked, id=17584, stack(0x0000006df1700000,0x0000006df1800000) (1024K)]
  0x00000224934ca820 JavaThread "Unconstrained build operations Thread 17"        [_thread_blocked, id=14608, stack(0x0000006df1800000,0x0000006df1900000) (1024K)]
  0x00000224934c80c0 JavaThread "Unconstrained build operations Thread 18"        [_thread_blocked, id=11628, stack(0x0000006df1900000,0x0000006df1a00000) (1024K)]
  0x00000224934cbbd0 JavaThread "Unconstrained build operations Thread 19"        [_thread_blocked, id=19644, stack(0x0000006df1a00000,0x0000006df1b00000) (1024K)]
  0x00000224934cc8f0 JavaThread "Unconstrained build operations Thread 20"        [_thread_blocked, id=6080, stack(0x0000006df1b00000,0x0000006df1c00000) (1024K)]
  0x00000224934c9470 JavaThread "Unconstrained build operations Thread 21"        [_thread_blocked, id=1536, stack(0x0000006df1c00000,0x0000006df1d00000) (1024K)]
  0x00000224934cdca0 JavaThread "Unconstrained build operations Thread 22"        [_thread_blocked, id=20280, stack(0x0000006df1d00000,0x0000006df1e00000) (1024K)]
  0x00000224934cd610 JavaThread "Unconstrained build operations Thread 23"        [_thread_blocked, id=8816, stack(0x0000006df1f00000,0x0000006df2000000) (1024K)]
  0x00000224934d0400 JavaThread "Unconstrained build operations Thread 24"        [_thread_blocked, id=11112, stack(0x0000006df2000000,0x0000006df2100000) (1024K)]
  0x00000224934ce330 JavaThread "Unconstrained build operations Thread 25"        [_thread_blocked, id=3124, stack(0x0000006df2200000,0x0000006df2300000) (1024K)]
  0x00000224934ce9c0 JavaThread "Unconstrained build operations Thread 26"        [_thread_blocked, id=21712, stack(0x0000006df2300000,0x0000006df2400000) (1024K)]
  0x00000224934cf050 JavaThread "Unconstrained build operations Thread 27"        [_thread_blocked, id=22128, stack(0x0000006df2400000,0x0000006df2500000) (1024K)]
  0x00000224934cf6e0 JavaThread "Unconstrained build operations Thread 28"        [_thread_blocked, id=8980, stack(0x0000006df2500000,0x0000006df2600000) (1024K)]
  0x00000224934cfd70 JavaThread "Unconstrained build operations Thread 29"        [_thread_blocked, id=15484, stack(0x0000006df2600000,0x0000006df2700000) (1024K)]
  0x00000224934ccf80 JavaThread "Unconstrained build operations Thread 30"        [_thread_blocked, id=7764, stack(0x0000006df2700000,0x0000006df2800000) (1024K)]
  0x00000224934d31f0 JavaThread "build event listener"              [_thread_blocked, id=18516, stack(0x0000006df2800000,0x0000006df2900000) (1024K)]
  0x00000224934d1120 JavaThread "build event listener"              [_thread_blocked, id=13236, stack(0x0000006df2900000,0x0000006df2a00000) (1024K)]
  0x0000022494b0f050 JavaThread "C1 CompilerThread1"         daemon [_thread_blocked, id=22488, stack(0x0000006df2a00000,0x0000006df2b00000) (1024K)]
  0x0000022494b12da0 JavaThread "C1 CompilerThread2"         daemon [_thread_blocked, id=10972, stack(0x0000006df2c00000,0x0000006df2d00000) (1024K)]
  0x0000022494b0f720 JavaThread "C1 CompilerThread3"         daemon [_thread_blocked, id=22076, stack(0x0000006df2e00000,0x0000006df2f00000) (1024K)]
  0x00000224934d3880 JavaThread "pool-24-thread-1"                  [_thread_blocked, id=8432, stack(0x0000006df2f00000,0x0000006df3000000) (1024K)]
  0x00000224934d3f10 JavaThread "build event listener"              [_thread_blocked, id=9332, stack(0x0000006df3000000,0x0000006df3100000) (1024K)]
  0x00000224934d2b60 JavaThread "included builds"                   [_thread_blocked, id=5788, stack(0x0000006df3100000,0x0000006df3200000) (1024K)]
  0x00000224934d1e40 JavaThread "Execution worker"                  [_thread_blocked, id=4424, stack(0x0000006df3200000,0x0000006df3300000) (1024K)]
  0x00000224934d0a90 JavaThread "Execution worker Thread 2"         [_thread_blocked, id=21452, stack(0x0000006df3300000,0x0000006df3400000) (1024K)]
  0x00000224934d5950 JavaThread "Execution worker Thread 3"         [_thread_blocked, id=9900, stack(0x0000006df3400000,0x0000006df3500000) (1024K)]
  0x00000224934d7390 JavaThread "Execution worker Thread 4"         [_thread_blocked, id=8512, stack(0x0000006df3500000,0x0000006df3600000) (1024K)]
  0x00000224934d4c30 JavaThread "Execution worker Thread 5"         [_thread_blocked, id=17940, stack(0x0000006df3600000,0x0000006df3700000) (1024K)]
  0x00000224934d52c0 JavaThread "Execution worker Thread 6"         [_thread_blocked, id=6788, stack(0x0000006df3700000,0x0000006df3800000) (1024K)]
  0x00000224934d6670 JavaThread "Execution worker Thread 7"         [_thread_blocked, id=22164, stack(0x0000006df3900000,0x0000006df3a00000) (1024K)]
  0x00000224934d45a0 JavaThread "Execution worker Thread 8"         [_thread_blocked, id=6388, stack(0x0000006df3a00000,0x0000006df3b00000) (1024K)]
  0x00000224934d7a20 JavaThread "Execution worker Thread 9"         [_thread_blocked, id=13880, stack(0x0000006df3d00000,0x0000006df3e00000) (1024K)]
  0x00000224934d8dd0 JavaThread "Execution worker Thread 10"        [_thread_blocked, id=15416, stack(0x0000006df3e00000,0x0000006df3f00000) (1024K)]
  0x00000224934d80b0 JavaThread "Execution worker Thread 11"        [_thread_blocked, id=22420, stack(0x0000006df3f00000,0x0000006df4000000) (1024K)]
  0x00000224934d6d00 JavaThread "Execution worker Thread 12"        [_thread_blocked, id=2900, stack(0x0000006df4000000,0x0000006df4100000) (1024K)]
  0x00000224934d8740 JavaThread "Execution worker Thread 13"        [_thread_blocked, id=21468, stack(0x0000006df4100000,0x0000006df4200000) (1024K)]
  0x00000224934d9460 JavaThread "Execution worker Thread 14"        [_thread_blocked, id=22728, stack(0x0000006df4300000,0x0000006df4400000) (1024K)]
  0x00000224934d5fe0 JavaThread "Execution worker Thread 15"        [_thread_blocked, id=4276, stack(0x0000006df4400000,0x0000006df4500000) (1024K)]
  0x00000224934daea0 JavaThread "Cache worker for execution history cache (C:\Users\Phong Nguyen\AndroidStudioProjects\th5_bai7_video\.gradle\8.11.1\executionHistory)"        [_thread_blocked, id=19656, stack(0x0000006df4500000,0x0000006df4600000) (1024K)]
  0x00000224934db530 JavaThread "Unconstrained build operations Thread 31"        [_thread_blocked, id=7912, stack(0x0000006df4600000,0x0000006df4700000) (1024K)]
  0x00000224934dc8e0 JavaThread "Unconstrained build operations Thread 32"        [_thread_blocked, id=2244, stack(0x0000006df4700000,0x0000006df4800000) (1024K)]
  0x00000224934d9af0 JavaThread "Unconstrained build operations Thread 33"        [_thread_blocked, id=3140, stack(0x0000006df4800000,0x0000006df4900000) (1024K)]
  0x00000224934dc250 JavaThread "Unconstrained build operations Thread 34"        [_thread_blocked, id=16308, stack(0x0000006df4900000,0x0000006df4a00000) (1024K)]
  0x00000224934dcf70 JavaThread "Unconstrained build operations Thread 35"        [_thread_blocked, id=22216, stack(0x0000006df4a00000,0x0000006df4b00000) (1024K)]
  0x00000224934dd600 JavaThread "Unconstrained build operations Thread 36"        [_thread_blocked, id=22184, stack(0x0000006df4b00000,0x0000006df4c00000) (1024K)]
  0x00000224934da180 JavaThread "Unconstrained build operations Thread 37"        [_thread_blocked, id=6012, stack(0x0000006df4c00000,0x0000006df4d00000) (1024K)]
  0x00000224934ddc90 JavaThread "Unconstrained build operations Thread 38"        [_thread_blocked, id=3152, stack(0x0000006df4d00000,0x0000006df4e00000) (1024K)]
  0x00000224934da810 JavaThread "Unconstrained build operations Thread 39"        [_thread_blocked, id=13128, stack(0x0000006df4e00000,0x0000006df4f00000) (1024K)]
  0x00000224934de320 JavaThread "Unconstrained build operations Thread 40"        [_thread_blocked, id=22472, stack(0x0000006df4f00000,0x0000006df5000000) (1024K)]
  0x00000224934de9b0 JavaThread "Unconstrained build operations Thread 41"        [_thread_blocked, id=4900, stack(0x0000006df5000000,0x0000006df5100000) (1024K)]
  0x00000224923455e0 JavaThread "Unconstrained build operations Thread 42"        [_thread_blocked, id=10416, stack(0x0000006df5100000,0x0000006df5200000) (1024K)]
  0x00000224923490f0 JavaThread "Unconstrained build operations Thread 43"        [_thread_blocked, id=22972, stack(0x0000006df5200000,0x0000006df5300000) (1024K)]
  0x0000022492345c70 JavaThread "Unconstrained build operations Thread 44"        [_thread_blocked, id=12564, stack(0x0000006df5300000,0x0000006df5400000) (1024K)]
  0x0000022492346300 JavaThread "Unconstrained build operations Thread 45"        [_thread_blocked, id=17672, stack(0x0000006df5400000,0x0000006df5500000) (1024K)]
  0x0000022492349e10 JavaThread "WorkerExecutor Queue"              [_thread_blocked, id=20792, stack(0x0000006df5500000,0x0000006df5600000) (1024K)]
  0x000002249234ab30 JavaThread "Unconstrained build operations Thread 46"        [_thread_blocked, id=1076, stack(0x0000006df5600000,0x0000006df5700000) (1024K)]
  0x000002249234a4a0 JavaThread "Unconstrained build operations Thread 47"        [_thread_blocked, id=3420, stack(0x0000006df5700000,0x0000006df5800000) (1024K)]
  0x000002249234b1c0 JavaThread "Unconstrained build operations Thread 48"        [_thread_blocked, id=16768, stack(0x0000006df5800000,0x0000006df5900000) (1024K)]
  0x0000022492347d40 JavaThread "Unconstrained build operations Thread 49"        [_thread_blocked, id=23412, stack(0x0000006df5900000,0x0000006df5a00000) (1024K)]
  0x000002249234bee0 JavaThread "Unconstrained build operations Thread 50"        [_thread_blocked, id=22252, stack(0x0000006df5a00000,0x0000006df5b00000) (1024K)]
  0x000002249234c570 JavaThread "Unconstrained build operations Thread 51"        [_thread_blocked, id=21432, stack(0x0000006df5b00000,0x0000006df5c00000) (1024K)]
  0x000002249234cc00 JavaThread "Unconstrained build operations Thread 52"        [_thread_blocked, id=13192, stack(0x0000006df5c00000,0x0000006df5d00000) (1024K)]
  0x0000022492349780 JavaThread "Unconstrained build operations Thread 53"        [_thread_blocked, id=2212, stack(0x0000006df5d00000,0x0000006df5e00000) (1024K)]
  0x000002249234e640 JavaThread "Unconstrained build operations Thread 54"        [_thread_blocked, id=20012, stack(0x0000006df5e00000,0x0000006df5f00000) (1024K)]
  0x000002249234d920 JavaThread "Unconstrained build operations Thread 55"        [_thread_blocked, id=9592, stack(0x0000006df5f00000,0x0000006df6000000) (1024K)]
  0x000002249234ecd0 JavaThread "Unconstrained build operations Thread 56"        [_thread_blocked, id=12028, stack(0x0000006df6000000,0x0000006df6100000) (1024K)]
  0x000002249234dfb0 JavaThread "Unconstrained build operations Thread 57"        [_thread_blocked, id=6960, stack(0x0000006df6100000,0x0000006df6200000) (1024K)]
  0x000002249234f360 JavaThread "Unconstrained build operations Thread 58"        [_thread_blocked, id=6316, stack(0x0000006df6200000,0x0000006df6300000) (1024K)]
  0x000002249234f9f0 JavaThread "Unconstrained build operations Thread 59"        [_thread_blocked, id=20424, stack(0x0000006df6300000,0x0000006df6400000) (1024K)]
  0x0000022492350710 JavaThread "Unconstrained build operations Thread 60"        [_thread_blocked, id=16000, stack(0x0000006df6400000,0x0000006df6500000) (1024K)]
  0x000002249234d290 JavaThread "WorkerExecutor Queue Thread 2"        [_thread_blocked, id=16080, stack(0x0000006df6a00000,0x0000006df6b00000) (1024K)]
  0x0000022492351430 JavaThread "WorkerExecutor Queue Thread 3"        [_thread_blocked, id=18100, stack(0x0000006df6b00000,0x0000006df6c00000) (1024K)]
  0x0000022492352150 JavaThread "WorkerExecutor Queue Thread 4"        [_thread_blocked, id=12952, stack(0x0000006df6c00000,0x0000006df6d00000) (1024K)]
  0x0000022492351ac0 JavaThread "WorkerExecutor Queue Thread 5"        [_thread_blocked, id=20044, stack(0x0000006df6d00000,0x0000006df6e00000) (1024K)]
  0x0000022492353500 JavaThread "WorkerExecutor Queue Thread 6"        [_thread_blocked, id=23328, stack(0x0000006df6e00000,0x0000006df6f00000) (1024K)]
  0x00000224923527e0 JavaThread "WorkerExecutor Queue Thread 7"        [_thread_blocked, id=468, stack(0x0000006df6f00000,0x0000006df7000000) (1024K)]
  0x0000022492353b90 JavaThread "WorkerExecutor Queue Thread 9"        [_thread_blocked, id=19560, stack(0x0000006df7100000,0x0000006df7200000) (1024K)]
  0x0000022492350da0 JavaThread "WorkerExecutor Queue Thread 10"        [_thread_blocked, id=17248, stack(0x0000006df7200000,0x0000006df7300000) (1024K)]
  0x0000022492356980 JavaThread "WorkerExecutor Queue Thread 11"        [_thread_blocked, id=13752, stack(0x0000006df7300000,0x0000006df7400000) (1024K)]
  0x00000224923555d0 JavaThread "WorkerExecutor Queue Thread 12"        [_thread_blocked, id=19556, stack(0x0000006df7400000,0x0000006df7500000) (1024K)]
  0x00000224923548b0 JavaThread "WorkerExecutor Queue Thread 13"        [_thread_blocked, id=8580, stack(0x0000006df7500000,0x0000006df7600000) (1024K)]
  0x0000022492354f40 JavaThread "WorkerExecutor Queue Thread 14"        [_thread_blocked, id=696, stack(0x0000006df7600000,0x0000006df7700000) (1024K)]
  0x00000224923562f0 JavaThread "WorkerExecutor Queue Thread 15"        [_thread_blocked, id=19028, stack(0x0000006df7700000,0x0000006df7800000) (1024K)]
  0x0000022492357010 JavaThread "WorkerExecutor Queue Thread 16"        [_thread_blocked, id=9124, stack(0x0000006df7800000,0x0000006df7900000) (1024K)]
  0x000002248c434b10 JavaThread "Unconstrained build operations Thread 61"        [_thread_blocked, id=17724, stack(0x0000006df7900000,0x0000006df7a00000) (1024K)]
  0x000002248c43a6f0 JavaThread "Unconstrained build operations Thread 62"        [_thread_blocked, id=20672, stack(0x0000006df7a00000,0x0000006df7b00000) (1024K)]
  0x000002248c438cb0 JavaThread "Unconstrained build operations Thread 63"        [_thread_blocked, id=8456, stack(0x0000006df7b00000,0x0000006df7c00000) (1024K)]
  0x000002248c43e200 JavaThread "Unconstrained build operations Thread 64"        [_thread_blocked, id=16156, stack(0x0000006df7c00000,0x0000006df7d00000) (1024K)]
  0x000002248c43baa0 JavaThread "Unconstrained build operations Thread 65"        [_thread_blocked, id=10284, stack(0x0000006df7d00000,0x0000006df7e00000) (1024K)]
  0x000002248c43e890 JavaThread "Unconstrained build operations Thread 66"        [_thread_blocked, id=16896, stack(0x0000006df7e00000,0x0000006df7f00000) (1024K)]
  0x000002248c43b410 JavaThread "Unconstrained build operations Thread 67"        [_thread_blocked, id=17372, stack(0x0000006df7f00000,0x0000006df8000000) (1024K)]
  0x000002248c63d880 JavaThread "Unconstrained build operations Thread 68"        [_thread_blocked, id=11532, stack(0x0000006df8000000,0x0000006df8100000) (1024K)]
  0x000002248c63b7b0 JavaThread "Unconstrained build operations Thread 69"        [_thread_blocked, id=11676, stack(0x0000006df8100000,0x0000006df8200000) (1024K)]
  0x000002248c63df10 JavaThread "Unconstrained build operations Thread 70"        [_thread_blocked, id=20592, stack(0x0000006df8200000,0x0000006df8300000) (1024K)]
  0x000002248c63e5a0 JavaThread "Unconstrained build operations Thread 71"        [_thread_blocked, id=7200, stack(0x0000006df8300000,0x0000006df8400000) (1024K)]
  0x000002248c63c4d0 JavaThread "Unconstrained build operations Thread 72"        [_thread_blocked, id=16668, stack(0x0000006df8400000,0x0000006df8500000) (1024K)]
  0x000002248c63be40 JavaThread "Unconstrained build operations Thread 73"        [_thread_blocked, id=16644, stack(0x0000006df8500000,0x0000006df8600000) (1024K)]
  0x000002248c63b120 JavaThread "Unconstrained build operations Thread 74"        [_thread_blocked, id=4852, stack(0x0000006df8600000,0x0000006df8700000) (1024K)]
  0x000002248c63f2c0 JavaThread "Unconstrained build operations Thread 75"        [_thread_blocked, id=8292, stack(0x0000006df8700000,0x0000006df8800000) (1024K)]
  0x000002248c63ec30 JavaThread "Unconstrained build operations Thread 76"        [_thread_blocked, id=2216, stack(0x0000006df8800000,0x0000006df8900000) (1024K)]
  0x000002248c63cb60 JavaThread "Unconstrained build operations Thread 77"        [_thread_blocked, id=3636, stack(0x0000006df8900000,0x0000006df8a00000) (1024K)]
  0x000002248c63f950 JavaThread "Unconstrained build operations Thread 78"        [_thread_blocked, id=5304, stack(0x0000006df8a00000,0x0000006df8b00000) (1024K)]
  0x000002248c640670 JavaThread "Unconstrained build operations Thread 79"        [_thread_blocked, id=20060, stack(0x0000006df8b00000,0x0000006df8c00000) (1024K)]
  0x000002248c63ffe0 JavaThread "Unconstrained build operations Thread 80"        [_thread_blocked, id=19532, stack(0x0000006df8c00000,0x0000006df8d00000) (1024K)]
  0x0000022494391bd0 JavaThread "Unconstrained build operations Thread 81"        [_thread_blocked, id=21176, stack(0x0000006df8d00000,0x0000006df8e00000) (1024K)]
  0x00000224943928f0 JavaThread "Unconstrained build operations Thread 82"        [_thread_blocked, id=11480, stack(0x0000006df8e00000,0x0000006df8f00000) (1024K)]
  0x0000022494394330 JavaThread "Unconstrained build operations Thread 83"        [_thread_blocked, id=22948, stack(0x0000006df8f00000,0x0000006df9000000) (1024K)]
  0x0000022494393610 JavaThread "Unconstrained build operations Thread 84"        [_thread_blocked, id=14132, stack(0x0000006df9000000,0x0000006df9100000) (1024K)]
  0x00000224943956e0 JavaThread "Unconstrained build operations Thread 85"        [_thread_blocked, id=17016, stack(0x0000006df9100000,0x0000006df9200000) (1024K)]
  0x00000224943949c0 JavaThread "Unconstrained build operations Thread 86"        [_thread_blocked, id=22020, stack(0x0000006df9200000,0x0000006df9300000) (1024K)]
  0x0000022494393ca0 JavaThread "Unconstrained build operations Thread 87"        [_thread_blocked, id=18444, stack(0x0000006df9300000,0x0000006df9400000) (1024K)]
  0x0000022494396400 JavaThread "Unconstrained build operations Thread 88"        [_thread_blocked, id=13380, stack(0x0000006df9400000,0x0000006df9500000) (1024K)]
  0x00000224943977b0 JavaThread "Unconstrained build operations Thread 89"        [_thread_blocked, id=6748, stack(0x0000006df9500000,0x0000006df9600000) (1024K)]
  0x0000022494397e40 JavaThread "Unconstrained build operations Thread 90"        [_thread_blocked, id=19720, stack(0x0000006df9600000,0x0000006df9700000) (1024K)]
  0x0000022494399f10 JavaThread "Unconstrained build operations Thread 91"        [_thread_blocked, id=17920, stack(0x0000006df9700000,0x0000006df9800000) (1024K)]
  0x0000022494396a90 JavaThread "Unconstrained build operations Thread 92"        [_thread_blocked, id=20468, stack(0x0000006df9800000,0x0000006df9900000) (1024K)]
  0x00000224943984d0 JavaThread "Unconstrained build operations Thread 93"        [_thread_blocked, id=4444, stack(0x0000006df9900000,0x0000006df9a00000) (1024K)]
  0x0000022494392260 JavaThread "Unconstrained build operations Thread 94"        [_thread_blocked, id=14756, stack(0x0000006df9a00000,0x0000006df9b00000) (1024K)]
  0x0000022494398b60 JavaThread "Unconstrained build operations Thread 95"        [_thread_blocked, id=9084, stack(0x0000006df9b00000,0x0000006df9c00000) (1024K)]
  0x000002249439a5a0 JavaThread "Unconstrained build operations Thread 96"        [_thread_blocked, id=9396, stack(0x0000006df9c00000,0x0000006df9d00000) (1024K)]
  0x0000022494397120 JavaThread "Unconstrained build operations Thread 97"        [_thread_blocked, id=7976, stack(0x0000006df9d00000,0x0000006df9e00000) (1024K)]
  0x000002249439ac30 JavaThread "Unconstrained build operations Thread 98"        [_thread_blocked, id=1736, stack(0x0000006df9e00000,0x0000006df9f00000) (1024K)]
  0x000002249439d390 JavaThread "Unconstrained build operations Thread 99"        [_thread_blocked, id=668, stack(0x0000006df9f00000,0x0000006dfa000000) (1024K)]
  0x000002249439cd00 JavaThread "Unconstrained build operations Thread 100"        [_thread_blocked, id=19312, stack(0x0000006dfa000000,0x0000006dfa100000) (1024K)]
  0x000002249439b2c0 JavaThread "Unconstrained build operations Thread 101"        [_thread_blocked, id=2420, stack(0x0000006dfa100000,0x0000006dfa200000) (1024K)]
  0x000002249439bfe0 JavaThread "Unconstrained build operations Thread 102"        [_thread_blocked, id=22448, stack(0x0000006dfa200000,0x0000006dfa300000) (1024K)]
  0x000002249439b950 JavaThread "Unconstrained build operations Thread 103"        [_thread_blocked, id=17288, stack(0x0000006dfa300000,0x0000006dfa400000) (1024K)]
  0x000002249439da20 JavaThread "Unconstrained build operations Thread 104"        [_thread_blocked, id=3856, stack(0x0000006dfa400000,0x0000006dfa500000) (1024K)]
  0x00000224943991f0 JavaThread "Unconstrained build operations Thread 105"        [_thread_blocked, id=2072, stack(0x0000006dfa500000,0x0000006dfa600000) (1024K)]
  0x000002249439e0b0 JavaThread "Unconstrained build operations Thread 106"        [_thread_blocked, id=3180, stack(0x0000006dfa600000,0x0000006dfa700000) (1024K)]
  0x000002249439e740 JavaThread "Unconstrained build operations Thread 107"        [_thread_blocked, id=20596, stack(0x0000006dfa700000,0x0000006dfa800000) (1024K)]
  0x000002249439c670 JavaThread "Unconstrained build operations Thread 108"        [_thread_blocked, id=7128, stack(0x0000006dfa800000,0x0000006dfa900000) (1024K)]
  0x00000224943a0180 JavaThread "Unconstrained build operations Thread 109"        [_thread_blocked, id=14244, stack(0x0000006dfa900000,0x0000006dfaa00000) (1024K)]
  0x000002249439edd0 JavaThread "Unconstrained build operations Thread 110"        [_thread_blocked, id=12580, stack(0x0000006dfaa00000,0x0000006dfab00000) (1024K)]
  0x000002249439f460 JavaThread "Unconstrained build operations Thread 111"        [_thread_blocked, id=21648, stack(0x0000006dfab00000,0x0000006dfac00000) (1024K)]
  0x000002249439faf0 JavaThread "Unconstrained build operations Thread 112"        [_thread_blocked, id=7064, stack(0x0000006dfac00000,0x0000006dfad00000) (1024K)]
  0x00000224943a0ea0 JavaThread "Unconstrained build operations Thread 113"        [_thread_blocked, id=9292, stack(0x0000006dfad00000,0x0000006dfae00000) (1024K)]
  0x00000224943a0810 JavaThread "Unconstrained build operations Thread 114"        [_thread_blocked, id=9424, stack(0x0000006dfae00000,0x0000006dfaf00000) (1024K)]
  0x0000022492354220 JavaThread "Unconstrained build operations Thread 115"        [_thread_blocked, id=18424, stack(0x0000006dfaf00000,0x0000006dfb000000) (1024K)]
  0x000002249235ab20 JavaThread "Unconstrained build operations Thread 116"        [_thread_blocked, id=20564, stack(0x0000006dfb000000,0x0000006dfb100000) (1024K)]
  0x00000224923576a0 JavaThread "Unconstrained build operations Thread 117"        [_thread_blocked, id=19160, stack(0x0000006dfb100000,0x0000006dfb200000) (1024K)]
  0x000002249235a490 JavaThread "Unconstrained build operations Thread 118"        [_thread_blocked, id=6368, stack(0x0000006dfb200000,0x0000006dfb300000) (1024K)]
  0x000002249235b1b0 JavaThread "Unconstrained build operations Thread 119"        [_thread_blocked, id=1540, stack(0x0000006dfb300000,0x0000006dfb400000) (1024K)]
  0x00000224923590e0 JavaThread "Unconstrained build operations Thread 120"        [_thread_blocked, id=11352, stack(0x0000006dfb400000,0x0000006dfb500000) (1024K)]
  0x0000022492357d30 JavaThread "Unconstrained build operations Thread 121"        [_thread_blocked, id=6600, stack(0x0000006dfb500000,0x0000006dfb600000) (1024K)]
  0x0000022492359e00 JavaThread "Unconstrained build operations Thread 122"        [_thread_blocked, id=10852, stack(0x0000006dfb600000,0x0000006dfb700000) (1024K)]
  0x000002249235b840 JavaThread "Unconstrained build operations Thread 123"        [_thread_blocked, id=10752, stack(0x0000006dfb700000,0x0000006dfb800000) (1024K)]
  0x0000022492358a50 JavaThread "Unconstrained build operations Thread 124"        [_thread_blocked, id=12128, stack(0x0000006dfb800000,0x0000006dfb900000) (1024K)]
  0x00000224923583c0 JavaThread "Unconstrained build operations Thread 125"        [_thread_blocked, id=8864, stack(0x0000006dfb900000,0x0000006dfba00000) (1024K)]
  0x000002249235c560 JavaThread "Unconstrained build operations Thread 126"        [_thread_blocked, id=8216, stack(0x0000006dfba00000,0x0000006dfbb00000) (1024K)]
  0x000002249235e630 JavaThread "Unconstrained build operations Thread 127"        [_thread_blocked, id=22832, stack(0x0000006dfbb00000,0x0000006dfbc00000) (1024K)]
  0x000002249235dfa0 JavaThread "Unconstrained build operations Thread 128"        [_thread_blocked, id=16440, stack(0x0000006dfbc00000,0x0000006dfbd00000) (1024K)]
  0x000002249235cbf0 JavaThread "Unconstrained build operations Thread 129"        [_thread_blocked, id=19604, stack(0x0000006dfbd00000,0x0000006dfbe00000) (1024K)]
  0x000002249235f350 JavaThread "Unconstrained build operations Thread 130"        [_thread_blocked, id=12732, stack(0x0000006dfc000000,0x0000006dfc100000) (1024K)]
  0x000002249235d280 JavaThread "Unconstrained build operations Thread 131"        [_thread_blocked, id=21288, stack(0x0000006dfc100000,0x0000006dfc200000) (1024K)]
  0x000002249235ecc0 JavaThread "Unconstrained build operations Thread 132"        [_thread_blocked, id=22324, stack(0x0000006dfc200000,0x0000006dfc300000) (1024K)]
  0x000002249235bed0 JavaThread "Unconstrained build operations Thread 133"        [_thread_blocked, id=6540, stack(0x0000006dfc300000,0x0000006dfc400000) (1024K)]
  0x0000022492362140 JavaThread "Unconstrained build operations Thread 134"        [_thread_blocked, id=22812, stack(0x0000006dfc400000,0x0000006dfc500000) (1024K)]
  0x00000224923627d0 JavaThread "Unconstrained build operations Thread 135"        [_thread_blocked, id=11644, stack(0x0000006dfc500000,0x0000006dfc600000) (1024K)]
  0x0000022492362e60 JavaThread "Unconstrained build operations Thread 136"        [_thread_blocked, id=13852, stack(0x0000006dfc600000,0x0000006dfc700000) (1024K)]
  0x0000022492360070 JavaThread "Unconstrained build operations Thread 137"        [_thread_blocked, id=17712, stack(0x0000006dfc700000,0x0000006dfc800000) (1024K)]
  0x0000022492363b80 JavaThread "Unconstrained build operations Thread 138"        [_thread_blocked, id=15712, stack(0x0000006dfc800000,0x0000006dfc900000) (1024K)]
  0x0000022492360700 JavaThread "Unconstrained build operations Thread 139"        [_thread_blocked, id=9384, stack(0x0000006dfc900000,0x0000006dfca00000) (1024K)]
  0x0000022492364210 JavaThread "Unconstrained build operations Thread 140"        [_thread_blocked, id=23156, stack(0x0000006dfca00000,0x0000006dfcb00000) (1024K)]
  0x00000224923648a0 JavaThread "Unconstrained build operations Thread 141"        [_thread_blocked, id=13472, stack(0x0000006dfcb00000,0x0000006dfcc00000) (1024K)]
  0x0000022491010740 JavaThread "Unconstrained build operations Thread 142"        [_thread_blocked, id=16504, stack(0x0000006dfcc00000,0x0000006dfcd00000) (1024K)]
  0x0000022491011af0 JavaThread "Unconstrained build operations Thread 143"        [_thread_blocked, id=22144, stack(0x0000006dfcd00000,0x0000006dfce00000) (1024K)]
  0x0000022491014250 JavaThread "Unconstrained build operations Thread 144"        [_thread_blocked, id=1832, stack(0x0000006dfce00000,0x0000006dfcf00000) (1024K)]
  0x0000022491012ea0 JavaThread "Unconstrained build operations Thread 145"        [_thread_blocked, id=22636, stack(0x0000006dfcf00000,0x0000006dfd000000) (1024K)]
  0x0000022491013bc0 JavaThread "Unconstrained build operations Thread 146"        [_thread_blocked, id=2228, stack(0x0000006dfd000000,0x0000006dfd100000) (1024K)]
  0x0000022491010dd0 JavaThread "Unconstrained build operations Thread 147"        [_thread_blocked, id=22328, stack(0x0000006dfd100000,0x0000006dfd200000) (1024K)]
  0x0000022491012180 JavaThread "Unconstrained build operations Thread 148"        [_thread_blocked, id=14320, stack(0x0000006dfd200000,0x0000006dfd300000) (1024K)]
  0x0000022491011460 JavaThread "Unconstrained build operations Thread 149"        [_thread_blocked, id=3112, stack(0x0000006dfd300000,0x0000006dfd400000) (1024K)]
  0x00000224910176d0 JavaThread "Unconstrained build operations Thread 150"        [_thread_blocked, id=4572, stack(0x0000006dfd400000,0x0000006dfd500000) (1024K)]
  0x00000224910169b0 JavaThread "Unconstrained build operations Thread 151"        [_thread_blocked, id=5048, stack(0x0000006dfd500000,0x0000006dfd600000) (1024K)]
  0x0000022491014f70 JavaThread "Unconstrained build operations Thread 152"        [_thread_blocked, id=20616, stack(0x0000006dfd600000,0x0000006dfd700000) (1024K)]
  0x00000224910183f0 JavaThread "Unconstrained build operations Thread 153"        [_thread_blocked, id=14264, stack(0x0000006dfd700000,0x0000006dfd800000) (1024K)]
  0x0000022491018a80 JavaThread "WorkerExecutor Queue Thread 17"        [_thread_blocked, id=21140, stack(0x0000006dfd800000,0x0000006dfd900000) (1024K)]
  0x0000022491019110 JavaThread "Unconstrained build operations Thread 154"        [_thread_blocked, id=9240, stack(0x0000006dfd900000,0x0000006dfda00000) (1024K)]
  0x0000022491015c90 JavaThread "Unconstrained build operations Thread 155"        [_thread_blocked, id=7012, stack(0x0000006dfda00000,0x0000006dfdb00000) (1024K)]
  0x00000224910197a0 JavaThread "Unconstrained build operations Thread 156"        [_thread_blocked, id=14368, stack(0x0000006dfdb00000,0x0000006dfdc00000) (1024K)]
  0x0000022491016320 JavaThread "Unconstrained build operations Thread 157"        [_thread_blocked, id=20760, stack(0x0000006dfdc00000,0x0000006dfdd00000) (1024K)]
  0x000002249101bf00 JavaThread "Unconstrained build operations Thread 158"        [_thread_blocked, id=20376, stack(0x0000006dfdd00000,0x0000006dfde00000) (1024K)]
  0x000002249101cc20 JavaThread "Unconstrained build operations Thread 159"        [_thread_blocked, id=11340, stack(0x0000006dfde00000,0x0000006dfdf00000) (1024K)]
  0x000002249101b870 JavaThread "Unconstrained build operations Thread 160"        [_thread_blocked, id=1688, stack(0x0000006dfdf00000,0x0000006dfe000000) (1024K)]
  0x0000022491019e30 JavaThread "pool-25-thread-1"                  [_thread_blocked, id=8232, stack(0x0000006dfe000000,0x0000006dfe100000) (1024K)]
  0x000002249101dfd0 JavaThread "stderr"                            [_thread_in_native, id=6372, stack(0x0000006dfe100000,0x0000006dfe200000) (1024K)]
  0x000002249101e660 JavaThread "stdout"                            [_thread_in_native, id=5124, stack(0x0000006dfe200000,0x0000006dfe300000) (1024K)]
  0x0000022494d30bc0 JavaThread "C2 CompilerThread1"         daemon [_thread_blocked, id=15048, stack(0x0000006df0600000,0x0000006df0700000) (1024K)]
  0x0000022494d2f080 JavaThread "C2 CompilerThread2"         daemon [_thread_blocked, id=15924, stack(0x0000006df0700000,0x0000006df0800000) (1024K)]
  0x00000224968a26a0 JavaThread "ForkJoinPool-1-worker-1"    daemon [_thread_blocked, id=8668, stack(0x0000006df6900000,0x0000006df6a00000) (1024K)]
  0x00000224968a6840 JavaThread "ForkJoinPool-1-worker-2"    daemon [_thread_blocked, id=5568, stack(0x0000006dfe300000,0x0000006dfe400000) (1024K)]
  0x00000224968a7560 JavaThread "ForkJoinPool-1-worker-3"    daemon [_thread_blocked, id=9368, stack(0x0000006dfe400000,0x0000006dfe500000) (1024K)]
  0x00000224968a4e00 JavaThread "ForkJoinPool-1-worker-4"    daemon [_thread_blocked, id=2220, stack(0x0000006dfe500000,0x0000006dfe600000) (1024K)]
  0x00000224968a5490 JavaThread "ForkJoinPool-1-worker-5"    daemon [_thread_blocked, id=15752, stack(0x0000006dfe600000,0x0000006dfe700000) (1024K)]
  0x00000224968a7bf0 JavaThread "ForkJoinPool-1-worker-6"    daemon [_thread_blocked, id=15836, stack(0x0000006dfe700000,0x0000006dfe800000) (1024K)]
  0x00000224968a6ed0 JavaThread "ForkJoinPool-1-worker-7"    daemon [_thread_blocked, id=2544, stack(0x0000006dfe800000,0x0000006dfe900000) (1024K)]
  0x00000224968a8280 JavaThread "ForkJoinPool-1-worker-8"    daemon [_thread_blocked, id=14772, stack(0x0000006dfe900000,0x0000006dfea00000) (1024K)]
  0x00000224968a8910 JavaThread "ForkJoinPool-1-worker-9"    daemon [_thread_blocked, id=16988, stack(0x0000006dfea00000,0x0000006dfeb00000) (1024K)]
  0x00000224968a8fa0 JavaThread "ForkJoinPool-1-worker-10"   daemon [_thread_blocked, id=14556, stack(0x0000006dfeb00000,0x0000006dfec00000) (1024K)]
  0x00000224968a9630 JavaThread "ForkJoinPool-1-worker-11"   daemon [_thread_blocked, id=16500, stack(0x0000006dfec00000,0x0000006dfed00000) (1024K)]
  0x00000224968a61b0 JavaThread "ForkJoinPool-1-worker-12"   daemon [_thread_blocked, id=22100, stack(0x0000006dfed00000,0x0000006dfee00000) (1024K)]
  0x00000224968a9cc0 JavaThread "ForkJoinPool-1-worker-13"   daemon [_thread_blocked, id=21664, stack(0x0000006dfee00000,0x0000006dfef00000) (1024K)]
  0x00000224968aa350 JavaThread "ForkJoinPool-1-worker-14"   daemon [_thread_blocked, id=18020, stack(0x0000006dfef00000,0x0000006dff000000) (1024K)]
  0x00000224968aa9e0 JavaThread "ForkJoinPool-1-worker-15"   daemon [_thread_blocked, id=16800, stack(0x0000006dff000000,0x0000006dff100000) (1024K)]
  0x00000224968abd90 JavaThread "ForkJoinPool-1-worker-16"   daemon [_thread_blocked, id=3204, stack(0x0000006dff100000,0x0000006dff200000) (1024K)]
  0x00000224968ae4f0 JavaThread "RMI Scheduler(0)"           daemon [_thread_blocked, id=14496, stack(0x0000006dff200000,0x0000006dff300000) (1024K)]
  0x00000224968ab070 JavaThread "RMI RenewClean-[127.0.0.1:17853,org.jetbrains.kotlin.daemon.common.LoopbackNetworkInterface$ClientLoopbackSocketFactory@5a733b0b]" daemon [_thread_blocked, id=1416, stack(0x0000006dff300000,0x0000006dff400000) (1024K)]
  0x00000224968aeb80 JavaThread "RMI GC Daemon"              daemon [_thread_blocked, id=6320, stack(0x0000006dff400000,0x0000006dff500000) (1024K)]
  0x0000022496894780 JavaThread "RMI TCP Accept-0"           daemon [_thread_in_native, id=6808, stack(0x0000006dff600000,0x0000006dff700000) (1024K)]
  0x0000022496891990 JavaThread "RMI Reaper"                        [_thread_blocked, id=8244, stack(0x0000006dff700000,0x0000006dff800000) (1024K)]
  0x0000022496892d40 JavaThread "RMI TCP Connection(1)-127.0.0.1" daemon [_thread_in_native, id=22980, stack(0x0000006dff800000,0x0000006dff900000) (1024K)]
  0x00000224929bdfe0 JavaThread "C2 CompilerThread3"         daemon [_thread_blocked, id=4160, stack(0x0000006df6500000,0x0000006df6600000) (1024K)]
  0x00000224929c08c0 JavaThread "C2 CompilerThread4"         daemon [_thread_blocked, id=21124, stack(0x0000006df6600000,0x0000006df6700000) (1024K)]
  0x00000224929bd240 JavaThread "C2 CompilerThread5"         daemon [_thread_blocked, id=22396, stack(0x0000006df6700000,0x0000006df6800000) (1024K)]
  0x00000224929c2ad0 JavaThread "C2 CompilerThread6"         daemon [_thread_blocked, id=17460, stack(0x0000006df6800000,0x0000006df6900000) (1024K)]
  0x00000224924ea7a0 JavaThread "WorkerExecutor Queue Thread 18"        [_thread_blocked, id=19168, stack(0x0000006df7000000,0x0000006df7100000) (1024K)]
Total: 289

Other Threads:
=>0x00000224fad836f0 VMThread "VM Thread"                           [id=20496, stack(0x0000006dec900000,0x0000006deca00000) (1024K)]
  0x00000224fb9c19e0 WatcherThread "VM Periodic Task Thread"        [id=13604, stack(0x0000006dec800000,0x0000006dec900000) (1024K)]
  0x00000224e37f4660 WorkerThread "GC Thread#0"                     [id=7408, stack(0x0000006dec300000,0x0000006dec400000) (1024K)]
  0x000002248448a020 WorkerThread "GC Thread#1"                     [id=22120, stack(0x0000006deda00000,0x0000006dedb00000) (1024K)]
  0x00000224849f9790 WorkerThread "GC Thread#2"                     [id=18996, stack(0x0000006dedb00000,0x0000006dedc00000) (1024K)]
  0x00000224849f9b30 WorkerThread "GC Thread#3"                     [id=21660, stack(0x0000006dedc00000,0x0000006dedd00000) (1024K)]
  0x0000022484919060 WorkerThread "GC Thread#4"                     [id=12348, stack(0x0000006dedd00000,0x0000006dede00000) (1024K)]
  0x0000022484919400 WorkerThread "GC Thread#5"                     [id=14224, stack(0x0000006dede00000,0x0000006dedf00000) (1024K)]
  0x0000022485c51690 WorkerThread "GC Thread#6"                     [id=15348, stack(0x0000006deea00000,0x0000006deeb00000) (1024K)]
  0x0000022485c50470 WorkerThread "GC Thread#7"                     [id=20016, stack(0x0000006deeb00000,0x0000006deec00000) (1024K)]
  0x0000022485c50810 WorkerThread "GC Thread#8"                     [id=14592, stack(0x0000006deec00000,0x0000006deed00000) (1024K)]
  0x0000022485c50bb0 WorkerThread "GC Thread#9"                     [id=10740, stack(0x0000006deed00000,0x0000006deee00000) (1024K)]
  0x0000022485c50f50 WorkerThread "GC Thread#10"                    [id=18376, stack(0x0000006deee00000,0x0000006deef00000) (1024K)]
  0x0000022485c512f0 WorkerThread "GC Thread#11"                    [id=20612, stack(0x0000006deef00000,0x0000006def000000) (1024K)]
  0x0000022485cc0260 WorkerThread "GC Thread#12"                    [id=14916, stack(0x0000006def000000,0x0000006def100000) (1024K)]
  0x00000224e38056b0 ConcurrentGCThread "G1 Main Marker"            [id=12576, stack(0x0000006dec400000,0x0000006dec500000) (1024K)]
  0x00000224e3807c50 WorkerThread "G1 Conc#0"                       [id=7512, stack(0x0000006dec500000,0x0000006dec600000) (1024K)]
  0x0000022485cc1bc0 WorkerThread "G1 Conc#1"                       [id=12856, stack(0x0000006def100000,0x0000006def200000) (1024K)]
  0x0000022485cbe560 WorkerThread "G1 Conc#2"                       [id=12624, stack(0x0000006def200000,0x0000006def300000) (1024K)]
  0x00000224fac93970 ConcurrentGCThread "G1 Refine#0"               [id=4480, stack(0x0000006dec600000,0x0000006dec700000) (1024K)]
  0x00000224fac93da0 ConcurrentGCThread "G1 Service"                [id=15272, stack(0x0000006dec700000,0x0000006dec800000) (1024K)]
Total: 21

Threads with active compile tasks:
C2 CompilerThread0  374798 47492       4       com.android.tools.r8.naming.V$b::a (88 bytes)
C2 CompilerThread1  374798 45894 %     4       com.android.tools.r8.dex.U::a @ 33 (4032 bytes)
C2 CompilerThread2  374799 47213       4       com.android.tools.r8.internal.cn::a (3327 bytes)
C2 CompilerThread3  374799 47479       4       com.android.tools.r8.graph.N2::j0 (47 bytes)
C2 CompilerThread4  374799 47209       4       com.android.tools.r8.dex.C::a (1021 bytes)
C2 CompilerThread5  374799 47234       4       com.android.tools.r8.dex.C::d (634 bytes)
C2 CompilerThread6  374799 47500 %     4       com.android.tools.r8.dex.L::a @ 136 (293 bytes)
Total: 7

VM state: at safepoint (normal execution)

VM Mutex/Monitor currently owned by a thread:  ([mutex/lock_event])
[0x00007ffa7518d360] Threads_lock - owner thread: 0x00000224fad836f0
[0x00007ffa7518d460] Heap_lock - owner thread: 0x00000224e38056b0

Heap address: 0x0000000080000000, size: 2048 MB, Compressed Oops mode: 32-bit

CDS archive(s) not mapped
Compressed class space mapped at: 0x0000000100000000-0x0000000140000000, reserved size: 1073741824
Narrow klass base: 0x0000000000000000, Narrow klass shift: 3, Narrow klass range: 0x140000000

GC Precious Log:
 CardTable entry size: 512
 Card Set container configuration: InlinePtr #cards 5 size 8 Array Of Cards #cards 12 size 40 Howl #buckets 4 coarsen threshold 1843 Howl Bitmap #cards 512 size 80 coarsen threshold 460 Card regions per heap region 1 cards per card region 2048
 CPUs: 16 total, 16 available
 Memory: 16088M
 Large Page Support: Disabled
 NUMA Support: Disabled
 Compressed Oops: Enabled (32-bit)
 Heap Region Size: 1M
 Heap Min Capacity: 8M
 Heap Initial Capacity: 252M
 Heap Max Capacity: 2G
 Pre-touch: Disabled
 Parallel Workers: 13
 Concurrent Workers: 3
 Concurrent Refinement Workers: 13
 Periodic GC: Disabled

Heap:
 garbage-first heap   total 839680K, used 634310K [0x0000000080000000, 0x0000000100000000)
  region size 1024K, 79 young (80896K), 15 survivors (15360K)
 Metaspace       used 253866K, committed 257152K, reserved 1310720K
  class space    used 31497K, committed 33152K, reserved 1048576K

Heap Regions: E=young(eden), S=young(survivor), O=old, HS=humongous(starts), HC=humongous(continues), CS=collection set, F=free, TAMS=top-at-mark-start, PB=parsable bottom
|   0|0x0000000080000000, 0x0000000080100000, 0x0000000080100000|100%|HS|  |TAMS 0x0000000080100000| PB 0x0000000080000000| Complete 
|   1|0x0000000080100000, 0x0000000080200000, 0x0000000080200000|100%|HC|  |TAMS 0x0000000080200000| PB 0x0000000080100000| Complete 
|   2|0x0000000080200000, 0x0000000080300000, 0x0000000080300000|100%|HC|  |TAMS 0x0000000080300000| PB 0x0000000080200000| Complete 
|   3|0x0000000080300000, 0x0000000080400000, 0x0000000080400000|100%| O|  |TAMS 0x0000000080400000| PB 0x0000000080400000| Untracked 
|   4|0x0000000080400000, 0x0000000080500000, 0x0000000080500000|100%| O|  |TAMS 0x0000000080500000| PB 0x0000000080500000| Untracked 
|   5|0x0000000080500000, 0x0000000080600000, 0x0000000080600000|100%| O|  |TAMS 0x0000000080600000| PB 0x0000000080600000| Untracked 
|   6|0x0000000080600000, 0x0000000080700000, 0x0000000080700000|100%|HS|  |TAMS 0x0000000080700000| PB 0x0000000080600000| Complete 
|   7|0x0000000080700000, 0x0000000080800000, 0x0000000080800000|100%| O|  |TAMS 0x0000000080800000| PB 0x0000000080800000| Untracked 
|   8|0x0000000080800000, 0x0000000080900000, 0x0000000080900000|100%| O|  |TAMS 0x0000000080900000| PB 0x0000000080900000| Untracked 
|   9|0x0000000080900000, 0x0000000080a00000, 0x0000000080a00000|100%| O|  |TAMS 0x0000000080a00000| PB 0x0000000080a00000| Untracked 
|  10|0x0000000080a00000, 0x0000000080b00000, 0x0000000080b00000|100%| O|  |TAMS 0x0000000080b00000| PB 0x0000000080b00000| Untracked 
|  11|0x0000000080b00000, 0x0000000080c00000, 0x0000000080c00000|100%| O|  |TAMS 0x0000000080c00000| PB 0x0000000080c00000| Untracked 
|  12|0x0000000080c00000, 0x0000000080d00000, 0x0000000080d00000|100%| O|  |TAMS 0x0000000080d00000| PB 0x0000000080d00000| Updating 
|  13|0x0000000080d00000, 0x0000000080e00000, 0x0000000080e00000|100%| O|  |TAMS 0x0000000080e00000| PB 0x0000000080e00000| Untracked 
|  14|0x0000000080e00000, 0x0000000080f00000, 0x0000000080f00000|100%| O|  |TAMS 0x0000000080f00000| PB 0x0000000080f00000| Untracked 
|  15|0x0000000080f00000, 0x0000000081000000, 0x0000000081000000|100%| O|  |TAMS 0x0000000081000000| PB 0x0000000081000000| Untracked 
|  16|0x0000000081000000, 0x0000000081100000, 0x0000000081100000|100%| O|  |TAMS 0x0000000081100000| PB 0x0000000081100000| Untracked 
|  17|0x0000000081100000, 0x0000000081200000, 0x0000000081200000|100%| O|  |TAMS 0x0000000081200000| PB 0x0000000081200000| Untracked 
|  18|0x0000000081200000, 0x0000000081300000, 0x0000000081300000|100%| O|  |TAMS 0x0000000081300000| PB 0x0000000081300000| Untracked 
|  19|0x0000000081300000, 0x0000000081400000, 0x0000000081400000|100%| O|  |TAMS 0x0000000081400000| PB 0x0000000081400000| Untracked 
|  20|0x0000000081400000, 0x0000000081500000, 0x0000000081500000|100%| O|  |TAMS 0x0000000081500000| PB 0x0000000081500000| Updating 
|  21|0x0000000081500000, 0x0000000081600000, 0x0000000081600000|100%| O|  |TAMS 0x0000000081600000| PB 0x0000000081600000| Updating 
|  22|0x0000000081600000, 0x0000000081700000, 0x0000000081700000|100%| O|  |TAMS 0x0000000081700000| PB 0x0000000081700000| Updating 
|  23|0x0000000081700000, 0x0000000081800000, 0x0000000081800000|100%| O|  |TAMS 0x0000000081800000| PB 0x0000000081800000| Untracked 
|  24|0x0000000081800000, 0x0000000081900000, 0x0000000081900000|100%| O|  |TAMS 0x0000000081900000| PB 0x0000000081900000| Updating 
|  25|0x0000000081900000, 0x0000000081a00000, 0x0000000081a00000|100%| O|  |TAMS 0x0000000081a00000| PB 0x0000000081a00000| Updating 
|  26|0x0000000081a00000, 0x0000000081b00000, 0x0000000081b00000|100%| O|  |TAMS 0x0000000081b00000| PB 0x0000000081b00000| Untracked 
|  27|0x0000000081b00000, 0x0000000081c00000, 0x0000000081c00000|100%| O|  |TAMS 0x0000000081c00000| PB 0x0000000081c00000| Untracked 
|  28|0x0000000081c00000, 0x0000000081d00000, 0x0000000081d00000|100%| O|  |TAMS 0x0000000081d00000| PB 0x0000000081d00000| Untracked 
|  29|0x0000000081d00000, 0x0000000081e00000, 0x0000000081e00000|100%| O|  |TAMS 0x0000000081e00000| PB 0x0000000081e00000| Untracked 
|  30|0x0000000081e00000, 0x0000000081f00000, 0x0000000081f00000|100%| O|  |TAMS 0x0000000081f00000| PB 0x0000000081f00000| Untracked 
|  31|0x0000000081f00000, 0x0000000082000000, 0x0000000082000000|100%| O|  |TAMS 0x0000000082000000| PB 0x0000000082000000| Untracked 
|  32|0x0000000082000000, 0x0000000082100000, 0x0000000082100000|100%| O|  |TAMS 0x0000000082100000| PB 0x0000000082100000| Updating 
|  33|0x0000000082100000, 0x0000000082200000, 0x0000000082200000|100%| O|  |TAMS 0x0000000082200000| PB 0x0000000082200000| Untracked 
|  34|0x0000000082200000, 0x0000000082300000, 0x0000000082300000|100%| O|  |TAMS 0x0000000082300000| PB 0x0000000082300000| Untracked 
|  35|0x0000000082300000, 0x0000000082400000, 0x0000000082400000|100%| O|  |TAMS 0x0000000082400000| PB 0x0000000082400000| Updating 
|  36|0x0000000082400000, 0x0000000082500000, 0x0000000082500000|100%| O|  |TAMS 0x0000000082500000| PB 0x0000000082500000| Updating 
|  37|0x0000000082500000, 0x0000000082600000, 0x0000000082600000|100%| O|  |TAMS 0x0000000082600000| PB 0x0000000082600000| Updating 
|  38|0x0000000082600000, 0x0000000082700000, 0x0000000082700000|100%| O|  |TAMS 0x0000000082700000| PB 0x0000000082700000| Updating 
|  39|0x0000000082700000, 0x0000000082800000, 0x0000000082800000|100%| O|  |TAMS 0x0000000082800000| PB 0x0000000082800000| Updating 
|  40|0x0000000082800000, 0x0000000082900000, 0x0000000082900000|100%| O|  |TAMS 0x0000000082900000| PB 0x0000000082900000| Untracked 
|  41|0x0000000082900000, 0x0000000082a00000, 0x0000000082a00000|100%| O|  |TAMS 0x0000000082a00000| PB 0x0000000082a00000| Updating 
|  42|0x0000000082a00000, 0x0000000082b00000, 0x0000000082b00000|100%|HS|  |TAMS 0x0000000082b00000| PB 0x0000000082a00000| Complete 
|  43|0x0000000082b00000, 0x0000000082c00000, 0x0000000082c00000|100%|HS|  |TAMS 0x0000000082c00000| PB 0x0000000082b00000| Complete 
|  44|0x0000000082c00000, 0x0000000082d00000, 0x0000000082d00000|100%|HS|  |TAMS 0x0000000082d00000| PB 0x0000000082c00000| Complete 
|  45|0x0000000082d00000, 0x0000000082e00000, 0x0000000082e00000|100%|HC|  |TAMS 0x0000000082e00000| PB 0x0000000082d00000| Complete 
|  46|0x0000000082e00000, 0x0000000082f00000, 0x0000000082f00000|100%|HS|  |TAMS 0x0000000082f00000| PB 0x0000000082e00000| Complete 
|  47|0x0000000082f00000, 0x0000000083000000, 0x0000000083000000|100%|HC|  |TAMS 0x0000000083000000| PB 0x0000000082f00000| Complete 
|  48|0x0000000083000000, 0x0000000083100000, 0x0000000083100000|100%|HS|  |TAMS 0x0000000083100000| PB 0x0000000083000000| Complete 
|  49|0x0000000083100000, 0x0000000083200000, 0x0000000083200000|100%|HS|  |TAMS 0x0000000083200000| PB 0x0000000083100000| Complete 
|  50|0x0000000083200000, 0x0000000083300000, 0x0000000083300000|100%| O|  |TAMS 0x0000000083300000| PB 0x0000000083300000| Untracked 
|  51|0x0000000083300000, 0x0000000083400000, 0x0000000083400000|100%| O|  |TAMS 0x0000000083400000| PB 0x0000000083400000| Updating 
|  52|0x0000000083400000, 0x0000000083500000, 0x0000000083500000|100%| O|  |TAMS 0x0000000083500000| PB 0x0000000083500000| Untracked 
|  53|0x0000000083500000, 0x0000000083600000, 0x0000000083600000|100%| O|  |TAMS 0x0000000083600000| PB 0x0000000083600000| Updating 
|  54|0x0000000083600000, 0x0000000083700000, 0x0000000083700000|100%|HS|  |TAMS 0x0000000083700000| PB 0x0000000083600000| Complete 
|  55|0x0000000083700000, 0x0000000083800000, 0x0000000083800000|100%|HC|  |TAMS 0x0000000083800000| PB 0x0000000083700000| Complete 
|  56|0x0000000083800000, 0x0000000083900000, 0x0000000083900000|100%|HC|  |TAMS 0x0000000083900000| PB 0x0000000083800000| Complete 
|  57|0x0000000083900000, 0x0000000083a00000, 0x0000000083a00000|100%|HS|  |TAMS 0x0000000083a00000| PB 0x0000000083900000| Complete 
|  58|0x0000000083a00000, 0x0000000083b00000, 0x0000000083b00000|100%|HS|  |TAMS 0x0000000083b00000| PB 0x0000000083a00000| Complete 
|  59|0x0000000083b00000, 0x0000000083c00000, 0x0000000083c00000|100%| O|  |TAMS 0x0000000083c00000| PB 0x0000000083c00000| Untracked 
|  60|0x0000000083c00000, 0x0000000083d00000, 0x0000000083d00000|100%| O|  |TAMS 0x0000000083d00000| PB 0x0000000083d00000| Updating 
|  61|0x0000000083d00000, 0x0000000083e00000, 0x0000000083e00000|100%| O|  |TAMS 0x0000000083e00000| PB 0x0000000083e00000| Updating 
|  62|0x0000000083e00000, 0x0000000083f00000, 0x0000000083f00000|100%|HS|  |TAMS 0x0000000083f00000| PB 0x0000000083e00000| Complete 
|  63|0x0000000083f00000, 0x0000000084000000, 0x0000000084000000|100%| O|  |TAMS 0x0000000084000000| PB 0x0000000084000000| Untracked 
|  64|0x0000000084000000, 0x0000000084100000, 0x0000000084100000|100%| O|  |TAMS 0x0000000084100000| PB 0x0000000084100000| Untracked 
|  65|0x0000000084100000, 0x0000000084200000, 0x0000000084200000|100%| O|  |TAMS 0x0000000084200000| PB 0x0000000084200000| Updating 
|  66|0x0000000084200000, 0x0000000084300000, 0x0000000084300000|100%| O|  |TAMS 0x0000000084300000| PB 0x0000000084300000| Updating 
|  67|0x0000000084300000, 0x0000000084400000, 0x0000000084400000|100%| O|  |TAMS 0x0000000084400000| PB 0x0000000084400000| Updating 
|  68|0x0000000084400000, 0x0000000084500000, 0x0000000084500000|100%| O|  |TAMS 0x0000000084500000| PB 0x0000000084500000| Untracked 
|  69|0x0000000084500000, 0x0000000084600000, 0x0000000084600000|100%| O|  |TAMS 0x0000000084600000| PB 0x0000000084600000| Untracked 
|  70|0x0000000084600000, 0x0000000084700000, 0x0000000084700000|100%| O|  |TAMS 0x0000000084700000| PB 0x0000000084700000| Untracked 
|  71|0x0000000084700000, 0x0000000084800000, 0x0000000084800000|100%| O|  |TAMS 0x0000000084800000| PB 0x0000000084800000| Untracked 
|  72|0x0000000084800000, 0x0000000084900000, 0x0000000084900000|100%| O|  |TAMS 0x0000000084900000| PB 0x0000000084900000| Updating 
|  73|0x0000000084900000, 0x0000000084a00000, 0x0000000084a00000|100%|HS|  |TAMS 0x0000000084a00000| PB 0x0000000084900000| Complete 
|  74|0x0000000084a00000, 0x0000000084b00000, 0x0000000084b00000|100%|HC|  |TAMS 0x0000000084b00000| PB 0x0000000084a00000| Complete 
|  75|0x0000000084b00000, 0x0000000084c00000, 0x0000000084c00000|100%|HC|  |TAMS 0x0000000084c00000| PB 0x0000000084b00000| Complete 
|  76|0x0000000084c00000, 0x0000000084d00000, 0x0000000084d00000|100%| O|  |TAMS 0x0000000084d00000| PB 0x0000000084d00000| Untracked 
|  77|0x0000000084d00000, 0x0000000084e00000, 0x0000000084e00000|100%| O|  |TAMS 0x0000000084e00000| PB 0x0000000084e00000| Untracked 
|  78|0x0000000084e00000, 0x0000000084f00000, 0x0000000084f00000|100%| O|  |TAMS 0x0000000084f00000| PB 0x0000000084f00000| Updating 
|  79|0x0000000084f00000, 0x0000000085000000, 0x0000000085000000|100%| O|  |TAMS 0x0000000085000000| PB 0x0000000085000000| Updating 
|  80|0x0000000085000000, 0x0000000085100000, 0x0000000085100000|100%| O|  |TAMS 0x0000000085100000| PB 0x0000000085100000| Untracked 
|  81|0x0000000085100000, 0x0000000085200000, 0x0000000085200000|100%| O|  |TAMS 0x0000000085200000| PB 0x0000000085200000| Untracked 
|  82|0x0000000085200000, 0x0000000085300000, 0x0000000085300000|100%| O|  |TAMS 0x0000000085200000| PB 0x0000000085200000| Untracked 
|  83|0x0000000085300000, 0x0000000085400000, 0x0000000085400000|100%| O|  |TAMS 0x0000000085400000| PB 0x0000000085400000| Untracked 
|  84|0x0000000085400000, 0x0000000085500000, 0x0000000085500000|100%| O|  |TAMS 0x0000000085500000| PB 0x0000000085500000| Updating 
|  85|0x0000000085500000, 0x0000000085600000, 0x0000000085600000|100%| O|  |TAMS 0x0000000085600000| PB 0x0000000085600000| Updating 
|  86|0x0000000085600000, 0x0000000085700000, 0x0000000085700000|100%| O|  |TAMS 0x0000000085700000| PB 0x0000000085700000| Updating 
|  87|0x0000000085700000, 0x0000000085800000, 0x0000000085800000|100%| O|  |TAMS 0x0000000085800000| PB 0x0000000085800000| Untracked 
|  88|0x0000000085800000, 0x0000000085900000, 0x0000000085900000|100%| O|  |TAMS 0x0000000085900000| PB 0x0000000085900000| Updating 
|  89|0x0000000085900000, 0x0000000085a00000, 0x0000000085a00000|100%| O|  |TAMS 0x0000000085a00000| PB 0x0000000085a00000| Untracked 
|  90|0x0000000085a00000, 0x0000000085b00000, 0x0000000085b00000|100%| O|  |TAMS 0x0000000085b00000| PB 0x0000000085b00000| Untracked 
|  91|0x0000000085b00000, 0x0000000085c00000, 0x0000000085c00000|100%| O|  |TAMS 0x0000000085c00000| PB 0x0000000085c00000| Updating 
|  92|0x0000000085c00000, 0x0000000085d00000, 0x0000000085d00000|100%| O|  |TAMS 0x0000000085d00000| PB 0x0000000085d00000| Updating 
|  93|0x0000000085d00000, 0x0000000085e00000, 0x0000000085e00000|100%| O|  |TAMS 0x0000000085e00000| PB 0x0000000085e00000| Untracked 
|  94|0x0000000085e00000, 0x0000000085f00000, 0x0000000085f00000|100%| O|  |TAMS 0x0000000085f00000| PB 0x0000000085f00000| Updating 
|  95|0x0000000085f00000, 0x0000000086000000, 0x0000000086000000|100%| O|  |TAMS 0x0000000086000000| PB 0x0000000086000000| Updating 
|  96|0x0000000086000000, 0x0000000086100000, 0x0000000086100000|100%| O|  |TAMS 0x0000000086100000| PB 0x0000000086100000| Updating 
|  97|0x0000000086100000, 0x0000000086200000, 0x0000000086200000|100%| O|  |TAMS 0x0000000086200000| PB 0x0000000086200000| Untracked 
|  98|0x0000000086200000, 0x0000000086300000, 0x0000000086300000|100%|HS|  |TAMS 0x0000000086300000| PB 0x0000000086200000| Complete 
|  99|0x0000000086300000, 0x0000000086400000, 0x0000000086400000|100%| O|  |TAMS 0x0000000086400000| PB 0x0000000086400000| Updating 
| 100|0x0000000086400000, 0x0000000086500000, 0x0000000086500000|100%| O|  |TAMS 0x0000000086400000| PB 0x0000000086400000| Untracked 
| 101|0x0000000086500000, 0x0000000086600000, 0x0000000086600000|100%| O|  |TAMS 0x0000000086600000| PB 0x0000000086600000| Untracked 
| 102|0x0000000086600000, 0x0000000086700000, 0x0000000086700000|100%| O|  |TAMS 0x0000000086700000| PB 0x0000000086700000| Untracked 
| 103|0x0000000086700000, 0x0000000086800000, 0x0000000086800000|100%| O|  |TAMS 0x0000000086800000| PB 0x0000000086800000| Untracked 
| 104|0x0000000086800000, 0x0000000086900000, 0x0000000086900000|100%| O|  |TAMS 0x0000000086900000| PB 0x0000000086900000| Updating 
| 105|0x0000000086900000, 0x0000000086a00000, 0x0000000086a00000|100%| O|  |TAMS 0x0000000086a00000| PB 0x0000000086a00000| Updating 
| 106|0x0000000086a00000, 0x0000000086b00000, 0x0000000086b00000|100%| O|  |TAMS 0x0000000086b00000| PB 0x0000000086b00000| Untracked 
| 107|0x0000000086b00000, 0x0000000086c00000, 0x0000000086c00000|100%| O|  |TAMS 0x0000000086c00000| PB 0x0000000086c00000| Updating 
| 108|0x0000000086c00000, 0x0000000086d00000, 0x0000000086d00000|100%| O|  |TAMS 0x0000000086d00000| PB 0x0000000086d00000| Untracked 
| 109|0x0000000086d00000, 0x0000000086e00000, 0x0000000086e00000|100%| O|  |TAMS 0x0000000086e00000| PB 0x0000000086e00000| Untracked 
| 110|0x0000000086e00000, 0x0000000086f00000, 0x0000000086f00000|100%| O|  |TAMS 0x0000000086f00000| PB 0x0000000086f00000| Updating 
| 111|0x0000000086f00000, 0x0000000087000000, 0x0000000087000000|100%| O|  |TAMS 0x0000000087000000| PB 0x0000000087000000| Updating 
| 112|0x0000000087000000, 0x0000000087100000, 0x0000000087100000|100%|HS|  |TAMS 0x0000000087100000| PB 0x0000000087000000| Complete 
| 113|0x0000000087100000, 0x0000000087200000, 0x0000000087200000|100%|HC|  |TAMS 0x0000000087200000| PB 0x0000000087100000| Complete 
| 114|0x0000000087200000, 0x0000000087300000, 0x0000000087300000|100%|HC|  |TAMS 0x0000000087300000| PB 0x0000000087200000| Complete 
| 115|0x0000000087300000, 0x0000000087400000, 0x0000000087400000|100%|HC|  |TAMS 0x0000000087400000| PB 0x0000000087300000| Complete 
| 116|0x0000000087400000, 0x0000000087500000, 0x0000000087500000|100%|HC|  |TAMS 0x0000000087500000| PB 0x0000000087400000| Complete 
| 117|0x0000000087500000, 0x0000000087600000, 0x0000000087600000|100%|HC|  |TAMS 0x0000000087600000| PB 0x0000000087500000| Complete 
| 118|0x0000000087600000, 0x0000000087700000, 0x0000000087700000|100%|HS|  |TAMS 0x0000000087700000| PB 0x0000000087600000| Complete 
| 119|0x0000000087700000, 0x0000000087800000, 0x0000000087800000|100%|HC|  |TAMS 0x0000000087800000| PB 0x0000000087700000| Complete 
| 120|0x0000000087800000, 0x0000000087900000, 0x0000000087900000|100%|HC|  |TAMS 0x0000000087900000| PB 0x0000000087800000| Complete 
| 121|0x0000000087900000, 0x0000000087a00000, 0x0000000087a00000|100%|HC|  |TAMS 0x0000000087a00000| PB 0x0000000087900000| Complete 
| 122|0x0000000087a00000, 0x0000000087b00000, 0x0000000087b00000|100%|HS|  |TAMS 0x0000000087b00000| PB 0x0000000087a00000| Complete 
| 123|0x0000000087b00000, 0x0000000087c00000, 0x0000000087c00000|100%|HC|  |TAMS 0x0000000087c00000| PB 0x0000000087b00000| Complete 
| 124|0x0000000087c00000, 0x0000000087d00000, 0x0000000087d00000|100%|HS|  |TAMS 0x0000000087d00000| PB 0x0000000087c00000| Complete 
| 125|0x0000000087d00000, 0x0000000087e00000, 0x0000000087e00000|100%|HC|  |TAMS 0x0000000087e00000| PB 0x0000000087d00000| Complete 
| 126|0x0000000087e00000, 0x0000000087f00000, 0x0000000087f00000|100%| O|  |TAMS 0x0000000087f00000| PB 0x0000000087f00000| Updating 
| 127|0x0000000087f00000, 0x0000000088000000, 0x0000000088000000|100%| O|  |TAMS 0x0000000088000000| PB 0x0000000088000000| Updating 
| 128|0x0000000088000000, 0x0000000088100000, 0x0000000088100000|100%| O|  |TAMS 0x0000000088100000| PB 0x0000000088100000| Updating 
| 129|0x0000000088100000, 0x0000000088200000, 0x0000000088200000|100%| O|  |TAMS 0x0000000088200000| PB 0x0000000088200000| Updating 
| 130|0x0000000088200000, 0x0000000088300000, 0x0000000088300000|100%| O|  |TAMS 0x0000000088300000| PB 0x0000000088300000| Updating 
| 131|0x0000000088300000, 0x0000000088400000, 0x0000000088400000|100%| O|  |TAMS 0x0000000088400000| PB 0x0000000088400000| Updating 
| 132|0x0000000088400000, 0x0000000088500000, 0x0000000088500000|100%| O|  |TAMS 0x0000000088500000| PB 0x0000000088500000| Untracked 
| 133|0x0000000088500000, 0x0000000088600000, 0x0000000088600000|100%| O|  |TAMS 0x0000000088600000| PB 0x0000000088600000| Updating 
| 134|0x0000000088600000, 0x0000000088700000, 0x0000000088700000|100%| O|  |TAMS 0x0000000088700000| PB 0x0000000088700000| Updating 
| 135|0x0000000088700000, 0x0000000088800000, 0x0000000088800000|100%| O|  |TAMS 0x0000000088800000| PB 0x0000000088800000| Untracked 
| 136|0x0000000088800000, 0x0000000088900000, 0x0000000088900000|100%| O|  |TAMS 0x0000000088900000| PB 0x0000000088900000| Updating 
| 137|0x0000000088900000, 0x0000000088a00000, 0x0000000088a00000|100%| O|  |TAMS 0x0000000088a00000| PB 0x0000000088a00000| Updating 
| 138|0x0000000088a00000, 0x0000000088b00000, 0x0000000088b00000|100%| O|  |TAMS 0x0000000088b00000| PB 0x0000000088b00000| Updating 
| 139|0x0000000088b00000, 0x0000000088c00000, 0x0000000088c00000|100%|HS|  |TAMS 0x0000000088c00000| PB 0x0000000088b00000| Complete 
| 140|0x0000000088c00000, 0x0000000088d00000, 0x0000000088d00000|100%|HC|  |TAMS 0x0000000088d00000| PB 0x0000000088c00000| Complete 
| 141|0x0000000088d00000, 0x0000000088e00000, 0x0000000088e00000|100%|HC|  |TAMS 0x0000000088e00000| PB 0x0000000088d00000| Complete 
| 142|0x0000000088e00000, 0x0000000088f00000, 0x0000000088f00000|100%|HC|  |TAMS 0x0000000088f00000| PB 0x0000000088e00000| Complete 
| 143|0x0000000088f00000, 0x0000000089000000, 0x0000000089000000|100%|HC|  |TAMS 0x0000000089000000| PB 0x0000000088f00000| Complete 
| 144|0x0000000089000000, 0x0000000089100000, 0x0000000089100000|100%|HC|  |TAMS 0x0000000089100000| PB 0x0000000089000000| Complete 
| 145|0x0000000089100000, 0x0000000089200000, 0x0000000089200000|100%|HS|  |TAMS 0x0000000089200000| PB 0x0000000089100000| Complete 
| 146|0x0000000089200000, 0x0000000089300000, 0x0000000089300000|100%|HC|  |TAMS 0x0000000089300000| PB 0x0000000089200000| Complete 
| 147|0x0000000089300000, 0x0000000089400000, 0x0000000089400000|100%|HC|  |TAMS 0x0000000089400000| PB 0x0000000089300000| Complete 
| 148|0x0000000089400000, 0x0000000089500000, 0x0000000089500000|100%|HC|  |TAMS 0x0000000089500000| PB 0x0000000089400000| Complete 
| 149|0x0000000089500000, 0x0000000089600000, 0x0000000089600000|100%|HC|  |TAMS 0x0000000089600000| PB 0x0000000089500000| Complete 
| 150|0x0000000089600000, 0x0000000089700000, 0x0000000089700000|100%|HC|  |TAMS 0x0000000089700000| PB 0x0000000089600000| Complete 
| 151|0x0000000089700000, 0x0000000089800000, 0x0000000089800000|100%| O|  |TAMS 0x0000000089800000| PB 0x0000000089800000| Updating 
| 152|0x0000000089800000, 0x0000000089900000, 0x0000000089900000|100%| O|  |TAMS 0x0000000089900000| PB 0x0000000089900000| Updating 
| 153|0x0000000089900000, 0x0000000089a00000, 0x0000000089a00000|100%|HS|  |TAMS 0x0000000089a00000| PB 0x0000000089900000| Complete 
| 154|0x0000000089a00000, 0x0000000089b00000, 0x0000000089b00000|100%| O|  |TAMS 0x0000000089b00000| PB 0x0000000089b00000| Untracked 
| 155|0x0000000089b00000, 0x0000000089c00000, 0x0000000089c00000|100%| O|  |TAMS 0x0000000089c00000| PB 0x0000000089c00000| Updating 
| 156|0x0000000089c00000, 0x0000000089d00000, 0x0000000089d00000|100%| O|  |TAMS 0x0000000089d00000| PB 0x0000000089d00000| Updating 
| 157|0x0000000089d00000, 0x0000000089e00000, 0x0000000089e00000|100%| O|  |TAMS 0x0000000089e00000| PB 0x0000000089e00000| Updating 
| 158|0x0000000089e00000, 0x0000000089f00000, 0x0000000089f00000|100%| O|  |TAMS 0x0000000089f00000| PB 0x0000000089f00000| Untracked 
| 159|0x0000000089f00000, 0x000000008a000000, 0x000000008a000000|100%| O|  |TAMS 0x000000008a000000| PB 0x000000008a000000| Untracked 
| 160|0x000000008a000000, 0x000000008a100000, 0x000000008a100000|100%| O|  |TAMS 0x000000008a100000| PB 0x000000008a100000| Untracked 
| 161|0x000000008a100000, 0x000000008a200000, 0x000000008a200000|100%| O|  |TAMS 0x000000008a200000| PB 0x000000008a200000| Untracked 
| 162|0x000000008a200000, 0x000000008a300000, 0x000000008a300000|100%| O|  |TAMS 0x000000008a300000| PB 0x000000008a300000| Untracked 
| 163|0x000000008a300000, 0x000000008a400000, 0x000000008a400000|100%| O|  |TAMS 0x000000008a400000| PB 0x000000008a400000| Untracked 
| 164|0x000000008a400000, 0x000000008a500000, 0x000000008a500000|100%| O|  |TAMS 0x000000008a500000| PB 0x000000008a500000| Untracked 
| 165|0x000000008a500000, 0x000000008a600000, 0x000000008a600000|100%| O|  |TAMS 0x000000008a600000| PB 0x000000008a600000| Untracked 
| 166|0x000000008a600000, 0x000000008a700000, 0x000000008a700000|100%| O|  |TAMS 0x000000008a600000| PB 0x000000008a600000| Untracked 
| 167|0x000000008a700000, 0x000000008a800000, 0x000000008a800000|100%| O|  |TAMS 0x000000008a800000| PB 0x000000008a800000| Updating 
| 168|0x000000008a800000, 0x000000008a900000, 0x000000008a900000|100%| O|  |TAMS 0x000000008a900000| PB 0x000000008a900000| Updating 
| 169|0x000000008a900000, 0x000000008aa00000, 0x000000008aa00000|100%| O|  |TAMS 0x000000008aa00000| PB 0x000000008aa00000| Updating 
| 170|0x000000008aa00000, 0x000000008ab00000, 0x000000008ab00000|100%| O|  |TAMS 0x000000008ab00000| PB 0x000000008ab00000| Updating 
| 171|0x000000008ab00000, 0x000000008ac00000, 0x000000008ac00000|100%| O|  |TAMS 0x000000008ac00000| PB 0x000000008ac00000| Updating 
| 172|0x000000008ac00000, 0x000000008ad00000, 0x000000008ad00000|100%| O|  |TAMS 0x000000008ad00000| PB 0x000000008ad00000| Updating 
| 173|0x000000008ad00000, 0x000000008ae00000, 0x000000008ae00000|100%| O|  |TAMS 0x000000008ae00000| PB 0x000000008ae00000| Updating 
| 174|0x000000008ae00000, 0x000000008af00000, 0x000000008af00000|100%| O|  |TAMS 0x000000008af00000| PB 0x000000008af00000| Updating 
| 175|0x000000008af00000, 0x000000008b000000, 0x000000008b000000|100%| O|  |TAMS 0x000000008b000000| PB 0x000000008b000000| Updating 
| 176|0x000000008b000000, 0x000000008b100000, 0x000000008b100000|100%| O|  |TAMS 0x000000008b100000| PB 0x000000008b100000| Untracked 
| 177|0x000000008b100000, 0x000000008b200000, 0x000000008b200000|100%| O|  |TAMS 0x000000008b200000| PB 0x000000008b200000| Updating 
| 178|0x000000008b200000, 0x000000008b300000, 0x000000008b300000|100%| O|  |TAMS 0x000000008b300000| PB 0x000000008b300000| Updating 
| 179|0x000000008b300000, 0x000000008b400000, 0x000000008b400000|100%| O|  |TAMS 0x000000008b400000| PB 0x000000008b400000| Updating 
| 180|0x000000008b400000, 0x000000008b500000, 0x000000008b500000|100%| O|  |TAMS 0x000000008b400000| PB 0x000000008b400000| Untracked 
| 181|0x000000008b500000, 0x000000008b600000, 0x000000008b600000|100%| O|  |TAMS 0x000000008b600000| PB 0x000000008b600000| Untracked 
| 182|0x000000008b600000, 0x000000008b700000, 0x000000008b700000|100%| O|  |TAMS 0x000000008b600000| PB 0x000000008b600000| Untracked 
| 183|0x000000008b700000, 0x000000008b800000, 0x000000008b800000|100%| O|  |TAMS 0x000000008b800000| PB 0x000000008b800000| Updating 
| 184|0x000000008b800000, 0x000000008b900000, 0x000000008b900000|100%| O|  |TAMS 0x000000008b900000| PB 0x000000008b900000| Updating 
| 185|0x000000008b900000, 0x000000008ba00000, 0x000000008ba00000|100%| O|  |TAMS 0x000000008ba00000| PB 0x000000008ba00000| Updating 
| 186|0x000000008ba00000, 0x000000008bb00000, 0x000000008bb00000|100%| O|  |TAMS 0x000000008bb00000| PB 0x000000008bb00000| Updating 
| 187|0x000000008bb00000, 0x000000008bc00000, 0x000000008bc00000|100%| O|  |TAMS 0x000000008bc00000| PB 0x000000008bc00000| Updating 
| 188|0x000000008bc00000, 0x000000008bd00000, 0x000000008bd00000|100%| O|  |TAMS 0x000000008bd00000| PB 0x000000008bd00000| Untracked 
| 189|0x000000008bd00000, 0x000000008be00000, 0x000000008be00000|100%| O|  |TAMS 0x000000008be00000| PB 0x000000008be00000| Updating 
| 190|0x000000008be00000, 0x000000008bf00000, 0x000000008bf00000|100%| O|  |TAMS 0x000000008bf00000| PB 0x000000008bf00000| Updating 
| 191|0x000000008bf00000, 0x000000008c000000, 0x000000008c000000|100%| O|  |TAMS 0x000000008c000000| PB 0x000000008c000000| Untracked 
| 192|0x000000008c000000, 0x000000008c100000, 0x000000008c100000|100%| O|  |TAMS 0x000000008c100000| PB 0x000000008c100000| Updating 
| 193|0x000000008c100000, 0x000000008c200000, 0x000000008c200000|100%| O|  |TAMS 0x000000008c200000| PB 0x000000008c200000| Updating 
| 194|0x000000008c200000, 0x000000008c300000, 0x000000008c300000|100%| O|  |TAMS 0x000000008c300000| PB 0x000000008c300000| Updating 
| 195|0x000000008c300000, 0x000000008c400000, 0x000000008c400000|100%| O|  |TAMS 0x000000008c400000| PB 0x000000008c400000| Updating 
| 196|0x000000008c400000, 0x000000008c500000, 0x000000008c500000|100%| O|  |TAMS 0x000000008c500000| PB 0x000000008c500000| Updating 
| 197|0x000000008c500000, 0x000000008c600000, 0x000000008c600000|100%| O|  |TAMS 0x000000008c600000| PB 0x000000008c600000| Updating 
| 198|0x000000008c600000, 0x000000008c700000, 0x000000008c700000|100%| O|  |TAMS 0x000000008c700000| PB 0x000000008c700000| Updating 
| 199|0x000000008c700000, 0x000000008c700000, 0x000000008c800000|  0%| F|  |TAMS 0x000000008c700000| PB 0x000000008c700000| Untracked 
| 200|0x000000008c800000, 0x000000008c900000, 0x000000008c900000|100%|HS|  |TAMS 0x000000008c900000| PB 0x000000008c800000| Complete 
| 201|0x000000008c900000, 0x000000008ca00000, 0x000000008ca00000|100%|HC|  |TAMS 0x000000008ca00000| PB 0x000000008c900000| Complete 
| 202|0x000000008ca00000, 0x000000008cb00000, 0x000000008cb00000|100%|HS|  |TAMS 0x000000008cb00000| PB 0x000000008ca00000| Complete 
| 203|0x000000008cb00000, 0x000000008cc00000, 0x000000008cc00000|100%|HC|  |TAMS 0x000000008cc00000| PB 0x000000008cb00000| Complete 
| 204|0x000000008cc00000, 0x000000008cd00000, 0x000000008cd00000|100%|HC|  |TAMS 0x000000008cd00000| PB 0x000000008cc00000| Complete 
| 205|0x000000008cd00000, 0x000000008ce00000, 0x000000008ce00000|100%|HC|  |TAMS 0x000000008ce00000| PB 0x000000008cd00000| Complete 
| 206|0x000000008ce00000, 0x000000008cf00000, 0x000000008cf00000|100%|HC|  |TAMS 0x000000008cf00000| PB 0x000000008ce00000| Complete 
| 207|0x000000008cf00000, 0x000000008d000000, 0x000000008d000000|100%|HC|  |TAMS 0x000000008d000000| PB 0x000000008cf00000| Complete 
| 208|0x000000008d000000, 0x000000008d100000, 0x000000008d100000|100%|HS|  |TAMS 0x000000008d100000| PB 0x000000008d000000| Complete 
| 209|0x000000008d100000, 0x000000008d200000, 0x000000008d200000|100%|HC|  |TAMS 0x000000008d200000| PB 0x000000008d100000| Complete 
| 210|0x000000008d200000, 0x000000008d300000, 0x000000008d300000|100%|HC|  |TAMS 0x000000008d300000| PB 0x000000008d200000| Complete 
| 211|0x000000008d300000, 0x000000008d400000, 0x000000008d400000|100%|HC|  |TAMS 0x000000008d400000| PB 0x000000008d300000| Complete 
| 212|0x000000008d400000, 0x000000008d500000, 0x000000008d500000|100%| O|  |TAMS 0x000000008d500000| PB 0x000000008d500000| Updating 
| 213|0x000000008d500000, 0x000000008d600000, 0x000000008d600000|100%| O|  |TAMS 0x000000008d600000| PB 0x000000008d600000| Updating 
| 214|0x000000008d600000, 0x000000008d700000, 0x000000008d700000|100%| O|  |TAMS 0x000000008d700000| PB 0x000000008d700000| Untracked 
| 215|0x000000008d700000, 0x000000008d800000, 0x000000008d800000|100%| O|  |TAMS 0x000000008d800000| PB 0x000000008d800000| Updating 
| 216|0x000000008d800000, 0x000000008d900000, 0x000000008d900000|100%| O|  |TAMS 0x000000008d900000| PB 0x000000008d900000| Updating 
| 217|0x000000008d900000, 0x000000008da00000, 0x000000008da00000|100%| O|  |TAMS 0x000000008da00000| PB 0x000000008da00000| Updating 
| 218|0x000000008da00000, 0x000000008db00000, 0x000000008db00000|100%| O|  |TAMS 0x000000008db00000| PB 0x000000008db00000| Untracked 
| 219|0x000000008db00000, 0x000000008dc00000, 0x000000008dc00000|100%| O|  |TAMS 0x000000008dc00000| PB 0x000000008dc00000| Updating 
| 220|0x000000008dc00000, 0x000000008dd00000, 0x000000008dd00000|100%| O|  |TAMS 0x000000008dd00000| PB 0x000000008dd00000| Untracked 
| 221|0x000000008dd00000, 0x000000008de00000, 0x000000008de00000|100%| O|  |TAMS 0x000000008de00000| PB 0x000000008de00000| Updating 
| 222|0x000000008de00000, 0x000000008df00000, 0x000000008df00000|100%| O|  |TAMS 0x000000008df00000| PB 0x000000008df00000| Untracked 
| 223|0x000000008df00000, 0x000000008e000000, 0x000000008e000000|100%| O|  |TAMS 0x000000008df00000| PB 0x000000008df00000| Untracked 
| 224|0x000000008e000000, 0x000000008e100000, 0x000000008e100000|100%| O|  |TAMS 0x000000008e100000| PB 0x000000008e100000| Updating 
| 225|0x000000008e100000, 0x000000008e100000, 0x000000008e200000|  0%| F|  |TAMS 0x000000008e100000| PB 0x000000008e100000| Untracked 
| 226|0x000000008e200000, 0x000000008e300000, 0x000000008e300000|100%| O|  |TAMS 0x000000008e300000| PB 0x000000008e300000| Untracked 
| 227|0x000000008e300000, 0x000000008e400000, 0x000000008e400000|100%| O|  |TAMS 0x000000008e400000| PB 0x000000008e400000| Updating 
| 228|0x000000008e400000, 0x000000008e500000, 0x000000008e500000|100%| O|  |TAMS 0x000000008e500000| PB 0x000000008e500000| Updating 
| 229|0x000000008e500000, 0x000000008e600000, 0x000000008e600000|100%| O|  |TAMS 0x000000008e600000| PB 0x000000008e600000| Untracked 
| 230|0x000000008e600000, 0x000000008e700000, 0x000000008e700000|100%| O|  |TAMS 0x000000008e600000| PB 0x000000008e600000| Untracked 
| 231|0x000000008e700000, 0x000000008e800000, 0x000000008e800000|100%|HS|  |TAMS 0x000000008e800000| PB 0x000000008e700000| Complete 
| 232|0x000000008e800000, 0x000000008e900000, 0x000000008e900000|100%|HC|  |TAMS 0x000000008e900000| PB 0x000000008e800000| Complete 
| 233|0x000000008e900000, 0x000000008ea00000, 0x000000008ea00000|100%|HS|  |TAMS 0x000000008ea00000| PB 0x000000008e900000| Complete 
| 234|0x000000008ea00000, 0x000000008eb00000, 0x000000008eb00000|100%| O|  |TAMS 0x000000008eb00000| PB 0x000000008eb00000| Untracked 
| 235|0x000000008eb00000, 0x000000008ec00000, 0x000000008ec00000|100%| O|  |TAMS 0x000000008ec00000| PB 0x000000008ec00000| Updating 
| 236|0x000000008ec00000, 0x000000008ed00000, 0x000000008ed00000|100%| O|  |TAMS 0x000000008ed00000| PB 0x000000008ed00000| Updating 
| 237|0x000000008ed00000, 0x000000008ee00000, 0x000000008ee00000|100%| O|  |TAMS 0x000000008ee00000| PB 0x000000008ee00000| Untracked 
| 238|0x000000008ee00000, 0x000000008ef00000, 0x000000008ef00000|100%| O|  |TAMS 0x000000008ef00000| PB 0x000000008ef00000| Untracked 
| 239|0x000000008ef00000, 0x000000008f000000, 0x000000008f000000|100%| O|  |TAMS 0x000000008f000000| PB 0x000000008f000000| Untracked 
| 240|0x000000008f000000, 0x000000008f100000, 0x000000008f100000|100%| O|  |TAMS 0x000000008f100000| PB 0x000000008f100000| Untracked 
| 241|0x000000008f100000, 0x000000008f200000, 0x000000008f200000|100%| O|  |TAMS 0x000000008f200000| PB 0x000000008f200000| Untracked 
| 242|0x000000008f200000, 0x000000008f300000, 0x000000008f300000|100%| O|  |TAMS 0x000000008f300000| PB 0x000000008f300000| Untracked 
| 243|0x000000008f300000, 0x000000008f400000, 0x000000008f400000|100%| O|  |TAMS 0x000000008f300000| PB 0x000000008f300000| Untracked 
| 244|0x000000008f400000, 0x000000008f500000, 0x000000008f500000|100%| O|  |TAMS 0x000000008f500000| PB 0x000000008f500000| Untracked 
| 245|0x000000008f500000, 0x000000008f600000, 0x000000008f600000|100%| O|  |TAMS 0x000000008f600000| PB 0x000000008f600000| Updating 
| 246|0x000000008f600000, 0x000000008f700000, 0x000000008f700000|100%| O|  |TAMS 0x000000008f700000| PB 0x000000008f700000| Untracked 
| 247|0x000000008f700000, 0x000000008f800000, 0x000000008f800000|100%| O|  |TAMS 0x000000008f800000| PB 0x000000008f800000| Updating 
| 248|0x000000008f800000, 0x000000008f900000, 0x000000008f900000|100%| O|  |TAMS 0x000000008f900000| PB 0x000000008f900000| Updating 
| 249|0x000000008f900000, 0x000000008fa00000, 0x000000008fa00000|100%| O|  |TAMS 0x000000008fa00000| PB 0x000000008fa00000| Untracked 
| 250|0x000000008fa00000, 0x000000008fb00000, 0x000000008fb00000|100%| O|  |TAMS 0x000000008fb00000| PB 0x000000008fb00000| Untracked 
| 251|0x000000008fb00000, 0x000000008fc00000, 0x000000008fc00000|100%| O|  |TAMS 0x000000008fc00000| PB 0x000000008fc00000| Untracked 
| 252|0x000000008fc00000, 0x000000008fd00000, 0x000000008fd00000|100%| O|  |TAMS 0x000000008fd00000| PB 0x000000008fd00000| Updating 
| 253|0x000000008fd00000, 0x000000008fe00000, 0x000000008fe00000|100%| O|  |TAMS 0x000000008fe00000| PB 0x000000008fe00000| Untracked 
| 254|0x000000008fe00000, 0x000000008ff00000, 0x000000008ff00000|100%| O|  |TAMS 0x000000008ff00000| PB 0x000000008ff00000| Untracked 
| 255|0x000000008ff00000, 0x0000000090000000, 0x0000000090000000|100%| O|  |TAMS 0x0000000090000000| PB 0x0000000090000000| Updating 
| 256|0x0000000090000000, 0x0000000090100000, 0x0000000090100000|100%| O|  |TAMS 0x0000000090100000| PB 0x0000000090100000| Updating 
| 257|0x0000000090100000, 0x0000000090200000, 0x0000000090200000|100%| O|  |TAMS 0x0000000090200000| PB 0x0000000090200000| Untracked 
| 258|0x0000000090200000, 0x0000000090300000, 0x0000000090300000|100%| O|  |TAMS 0x0000000090300000| PB 0x0000000090300000| Untracked 
| 259|0x0000000090300000, 0x0000000090400000, 0x0000000090400000|100%| O|  |TAMS 0x0000000090400000| PB 0x0000000090400000| Untracked 
| 260|0x0000000090400000, 0x0000000090500000, 0x0000000090500000|100%| O|  |TAMS 0x0000000090500000| PB 0x0000000090500000| Updating 
| 261|0x0000000090500000, 0x0000000090600000, 0x0000000090600000|100%| O|  |TAMS 0x0000000090600000| PB 0x0000000090600000| Untracked 
| 262|0x0000000090600000, 0x0000000090700000, 0x0000000090700000|100%| O|  |TAMS 0x0000000090700000| PB 0x0000000090700000| Untracked 
| 263|0x0000000090700000, 0x0000000090800000, 0x0000000090800000|100%| O|  |TAMS 0x0000000090800000| PB 0x0000000090800000| Untracked 
| 264|0x0000000090800000, 0x0000000090900000, 0x0000000090900000|100%| O|  |TAMS 0x0000000090900000| PB 0x0000000090900000| Untracked 
| 265|0x0000000090900000, 0x0000000090a00000, 0x0000000090a00000|100%| O|  |TAMS 0x0000000090a00000| PB 0x0000000090a00000| Untracked 
| 266|0x0000000090a00000, 0x0000000090b00000, 0x0000000090b00000|100%| O|  |TAMS 0x0000000090b00000| PB 0x0000000090b00000| Untracked 
| 267|0x0000000090b00000, 0x0000000090c00000, 0x0000000090c00000|100%| O|  |TAMS 0x0000000090c00000| PB 0x0000000090c00000| Untracked 
| 268|0x0000000090c00000, 0x0000000090d00000, 0x0000000090d00000|100%| O|  |TAMS 0x0000000090d00000| PB 0x0000000090d00000| Updating 
| 269|0x0000000090d00000, 0x0000000090e00000, 0x0000000090e00000|100%| O|  |TAMS 0x0000000090e00000| PB 0x0000000090e00000| Updating 
| 270|0x0000000090e00000, 0x0000000090f00000, 0x0000000090f00000|100%| O|  |TAMS 0x0000000090f00000| PB 0x0000000090f00000| Updating 
| 271|0x0000000090f00000, 0x0000000091000000, 0x0000000091000000|100%| O|  |TAMS 0x0000000090f00000| PB 0x0000000090f00000| Untracked 
| 272|0x0000000091000000, 0x0000000091100000, 0x0000000091100000|100%| O|  |TAMS 0x0000000091100000| PB 0x0000000091100000| Updating 
| 273|0x0000000091100000, 0x0000000091200000, 0x0000000091200000|100%| O|  |TAMS 0x0000000091200000| PB 0x0000000091200000| Updating 
| 274|0x0000000091200000, 0x0000000091300000, 0x0000000091300000|100%| O|  |TAMS 0x0000000091300000| PB 0x0000000091300000| Updating 
| 275|0x0000000091300000, 0x0000000091400000, 0x0000000091400000|100%| O|  |TAMS 0x0000000091300000| PB 0x0000000091300000| Untracked 
| 276|0x0000000091400000, 0x0000000091500000, 0x0000000091500000|100%| O|  |TAMS 0x0000000091500000| PB 0x0000000091500000| Untracked 
| 277|0x0000000091500000, 0x00000000915f63c0, 0x0000000091600000| 96%| O|  |TAMS 0x0000000091500000| PB 0x0000000091500000| Untracked 
| 278|0x0000000091600000, 0x0000000091700000, 0x0000000091700000|100%|HS|  |TAMS 0x0000000091600000| PB 0x0000000091600000| Complete 
| 279|0x0000000091700000, 0x0000000091800000, 0x0000000091800000|100%| O|  |TAMS 0x0000000091800000| PB 0x0000000091800000| Updating 
| 280|0x0000000091800000, 0x0000000091900000, 0x0000000091900000|100%| O|  |TAMS 0x0000000091900000| PB 0x0000000091900000| Updating 
| 281|0x0000000091900000, 0x0000000091a00000, 0x0000000091a00000|100%|HS|  |TAMS 0x0000000091900000| PB 0x0000000091900000| Complete 
| 282|0x0000000091a00000, 0x0000000091b00000, 0x0000000091b00000|100%| O|  |TAMS 0x0000000091b00000| PB 0x0000000091b00000| Untracked 
| 283|0x0000000091b00000, 0x0000000091c00000, 0x0000000091c00000|100%| O|  |TAMS 0x0000000091c00000| PB 0x0000000091c00000| Untracked 
| 284|0x0000000091c00000, 0x0000000091d00000, 0x0000000091d00000|100%| O|  |TAMS 0x0000000091d00000| PB 0x0000000091d00000| Updating 
| 285|0x0000000091d00000, 0x0000000091e00000, 0x0000000091e00000|100%| O|  |TAMS 0x0000000091e00000| PB 0x0000000091e00000| Untracked 
| 286|0x0000000091e00000, 0x0000000091f00000, 0x0000000091f00000|100%| O|  |TAMS 0x0000000091f00000| PB 0x0000000091f00000| Untracked 
| 287|0x0000000091f00000, 0x0000000092000000, 0x0000000092000000|100%| O|  |TAMS 0x0000000092000000| PB 0x0000000092000000| Untracked 
| 288|0x0000000092000000, 0x0000000092100000, 0x0000000092100000|100%| O|  |TAMS 0x0000000092100000| PB 0x0000000092100000| Untracked 
| 289|0x0000000092100000, 0x0000000092200000, 0x0000000092200000|100%| O|  |TAMS 0x0000000092200000| PB 0x0000000092200000| Untracked 
| 290|0x0000000092200000, 0x0000000092300000, 0x0000000092300000|100%| O|  |TAMS 0x0000000092300000| PB 0x0000000092300000| Untracked 
| 291|0x0000000092300000, 0x0000000092400000, 0x0000000092400000|100%| O|  |TAMS 0x0000000092400000| PB 0x0000000092400000| Untracked 
| 292|0x0000000092400000, 0x0000000092500000, 0x0000000092500000|100%| O|  |TAMS 0x0000000092500000| PB 0x0000000092500000| Untracked 
| 293|0x0000000092500000, 0x0000000092600000, 0x0000000092600000|100%| O|  |TAMS 0x0000000092600000| PB 0x0000000092600000| Untracked 
| 294|0x0000000092600000, 0x0000000092700000, 0x0000000092700000|100%| O|  |TAMS 0x0000000092700000| PB 0x0000000092700000| Untracked 
| 295|0x0000000092700000, 0x0000000092800000, 0x0000000092800000|100%| O|  |TAMS 0x0000000092800000| PB 0x0000000092800000| Untracked 
| 296|0x0000000092800000, 0x0000000092900000, 0x0000000092900000|100%| O|  |TAMS 0x0000000092900000| PB 0x0000000092900000| Untracked 
| 297|0x0000000092900000, 0x0000000092a00000, 0x0000000092a00000|100%| O|  |TAMS 0x0000000092a00000| PB 0x0000000092a00000| Untracked 
| 298|0x0000000092a00000, 0x0000000092b00000, 0x0000000092b00000|100%| O|  |TAMS 0x0000000092b00000| PB 0x0000000092b00000| Untracked 
| 299|0x0000000092b00000, 0x0000000092c00000, 0x0000000092c00000|100%| O|  |TAMS 0x0000000092c00000| PB 0x0000000092c00000| Updating 
| 300|0x0000000092c00000, 0x0000000092d00000, 0x0000000092d00000|100%| O|  |TAMS 0x0000000092d00000| PB 0x0000000092d00000| Untracked 
| 301|0x0000000092d00000, 0x0000000092e00000, 0x0000000092e00000|100%| O|  |TAMS 0x0000000092e00000| PB 0x0000000092e00000| Untracked 
| 302|0x0000000092e00000, 0x0000000092f00000, 0x0000000092f00000|100%| O|  |TAMS 0x0000000092f00000| PB 0x0000000092f00000| Updating 
| 303|0x0000000092f00000, 0x0000000093000000, 0x0000000093000000|100%|HS|  |TAMS 0x0000000093000000| PB 0x0000000092f00000| Complete 
| 304|0x0000000093000000, 0x0000000093100000, 0x0000000093100000|100%|HC|  |TAMS 0x0000000093100000| PB 0x0000000093000000| Complete 
| 305|0x0000000093100000, 0x0000000093200000, 0x0000000093200000|100%| O|  |TAMS 0x0000000093200000| PB 0x0000000093200000| Updating 
| 306|0x0000000093200000, 0x0000000093300000, 0x0000000093300000|100%|HS|  |TAMS 0x0000000093200000| PB 0x0000000093200000| Complete 
| 307|0x0000000093300000, 0x0000000093400000, 0x0000000093400000|100%|HS|  |TAMS 0x0000000093300000| PB 0x0000000093300000| Complete 
| 308|0x0000000093400000, 0x0000000093500000, 0x0000000093500000|100%|HS|  |TAMS 0x0000000093500000| PB 0x0000000093400000| Complete 
| 309|0x0000000093500000, 0x0000000093600000, 0x0000000093600000|100%|HC|  |TAMS 0x0000000093600000| PB 0x0000000093500000| Complete 
| 310|0x0000000093600000, 0x0000000093700000, 0x0000000093700000|100%|HC|  |TAMS 0x0000000093700000| PB 0x0000000093600000| Complete 
| 311|0x0000000093700000, 0x0000000093800000, 0x0000000093800000|100%|HC|  |TAMS 0x0000000093800000| PB 0x0000000093700000| Complete 
| 312|0x0000000093800000, 0x0000000093900000, 0x0000000093900000|100%|HS|  |TAMS 0x0000000093900000| PB 0x0000000093800000| Complete 
| 313|0x0000000093900000, 0x0000000093a00000, 0x0000000093a00000|100%|HC|  |TAMS 0x0000000093a00000| PB 0x0000000093900000| Complete 
| 314|0x0000000093a00000, 0x0000000093b00000, 0x0000000093b00000|100%|HS|  |TAMS 0x0000000093b00000| PB 0x0000000093a00000| Complete 
| 315|0x0000000093b00000, 0x0000000093c00000, 0x0000000093c00000|100%|HC|  |TAMS 0x0000000093c00000| PB 0x0000000093b00000| Complete 
| 316|0x0000000093c00000, 0x0000000093d00000, 0x0000000093d00000|100%|HC|  |TAMS 0x0000000093d00000| PB 0x0000000093c00000| Complete 
| 317|0x0000000093d00000, 0x0000000093e00000, 0x0000000093e00000|100%|HC|  |TAMS 0x0000000093e00000| PB 0x0000000093d00000| Complete 
| 318|0x0000000093e00000, 0x0000000093f00000, 0x0000000093f00000|100%|HS|  |TAMS 0x0000000093f00000| PB 0x0000000093e00000| Complete 
| 319|0x0000000093f00000, 0x0000000094000000, 0x0000000094000000|100%|HS|  |TAMS 0x0000000094000000| PB 0x0000000093f00000| Complete 
| 320|0x0000000094000000, 0x0000000094100000, 0x0000000094100000|100%|HS|  |TAMS 0x0000000094100000| PB 0x0000000094000000| Complete 
| 321|0x0000000094100000, 0x0000000094200000, 0x0000000094200000|100%|HS|  |TAMS 0x0000000094200000| PB 0x0000000094100000| Complete 
| 322|0x0000000094200000, 0x0000000094300000, 0x0000000094300000|100%| O|  |TAMS 0x0000000094300000| PB 0x0000000094300000| Untracked 
| 323|0x0000000094300000, 0x0000000094400000, 0x0000000094400000|100%| O|  |TAMS 0x0000000094400000| PB 0x0000000094400000| Updating 
| 324|0x0000000094400000, 0x0000000094500000, 0x0000000094500000|100%| O|  |TAMS 0x0000000094500000| PB 0x0000000094500000| Updating 
| 325|0x0000000094500000, 0x0000000094600000, 0x0000000094600000|100%|HS|  |TAMS 0x0000000094500000| PB 0x0000000094500000| Complete 
| 326|0x0000000094600000, 0x0000000094700000, 0x0000000094700000|100%|HS|  |TAMS 0x0000000094600000| PB 0x0000000094600000| Complete 
| 327|0x0000000094700000, 0x0000000094800000, 0x0000000094800000|100%| O|  |TAMS 0x0000000094800000| PB 0x0000000094800000| Untracked 
| 328|0x0000000094800000, 0x0000000094900000, 0x0000000094900000|100%| O|  |TAMS 0x0000000094900000| PB 0x0000000094900000| Untracked 
| 329|0x0000000094900000, 0x0000000094a00000, 0x0000000094a00000|100%|HS|  |TAMS 0x0000000094a00000| PB 0x0000000094900000| Complete 
| 330|0x0000000094a00000, 0x0000000094b00000, 0x0000000094b00000|100%|HC|  |TAMS 0x0000000094b00000| PB 0x0000000094a00000| Complete 
| 331|0x0000000094b00000, 0x0000000094c00000, 0x0000000094c00000|100%|HC|  |TAMS 0x0000000094c00000| PB 0x0000000094b00000| Complete 
| 332|0x0000000094c00000, 0x0000000094d00000, 0x0000000094d00000|100%|HS|  |TAMS 0x0000000094d00000| PB 0x0000000094c00000| Complete 
| 333|0x0000000094d00000, 0x0000000094e00000, 0x0000000094e00000|100%|HC|  |TAMS 0x0000000094e00000| PB 0x0000000094d00000| Complete 
| 334|0x0000000094e00000, 0x0000000094f00000, 0x0000000094f00000|100%|HS|  |TAMS 0x0000000094f00000| PB 0x0000000094e00000| Complete 
| 335|0x0000000094f00000, 0x0000000095000000, 0x0000000095000000|100%|HC|  |TAMS 0x0000000095000000| PB 0x0000000094f00000| Complete 
| 336|0x0000000095000000, 0x0000000095100000, 0x0000000095100000|100%|HS|  |TAMS 0x0000000095100000| PB 0x0000000095000000| Complete 
| 337|0x0000000095100000, 0x0000000095200000, 0x0000000095200000|100%|HC|  |TAMS 0x0000000095200000| PB 0x0000000095100000| Complete 
| 338|0x0000000095200000, 0x0000000095300000, 0x0000000095300000|100%|HS|  |TAMS 0x0000000095300000| PB 0x0000000095200000| Complete 
| 339|0x0000000095300000, 0x0000000095400000, 0x0000000095400000|100%|HC|  |TAMS 0x0000000095400000| PB 0x0000000095300000| Complete 
| 340|0x0000000095400000, 0x0000000095500000, 0x0000000095500000|100%|HS|  |TAMS 0x0000000095500000| PB 0x0000000095400000| Complete 
| 341|0x0000000095500000, 0x0000000095600000, 0x0000000095600000|100%|HC|  |TAMS 0x0000000095600000| PB 0x0000000095500000| Complete 
| 342|0x0000000095600000, 0x0000000095700000, 0x0000000095700000|100%|HC|  |TAMS 0x0000000095700000| PB 0x0000000095600000| Complete 
| 343|0x0000000095700000, 0x0000000095800000, 0x0000000095800000|100%| O|  |TAMS 0x0000000095800000| PB 0x0000000095800000| Untracked 
| 344|0x0000000095800000, 0x0000000095900000, 0x0000000095900000|100%|HS|  |TAMS 0x0000000095900000| PB 0x0000000095800000| Complete 
| 345|0x0000000095900000, 0x0000000095a00000, 0x0000000095a00000|100%|HC|  |TAMS 0x0000000095a00000| PB 0x0000000095900000| Complete 
| 346|0x0000000095a00000, 0x0000000095b00000, 0x0000000095b00000|100%| O|  |TAMS 0x0000000095b00000| PB 0x0000000095b00000| Updating 
| 347|0x0000000095b00000, 0x0000000095c00000, 0x0000000095c00000|100%| O|  |TAMS 0x0000000095c00000| PB 0x0000000095c00000| Updating 
| 348|0x0000000095c00000, 0x0000000095d00000, 0x0000000095d00000|100%| O|  |TAMS 0x0000000095d00000| PB 0x0000000095d00000| Updating 
| 349|0x0000000095d00000, 0x0000000095e00000, 0x0000000095e00000|100%| O|  |TAMS 0x0000000095e00000| PB 0x0000000095e00000| Updating 
| 350|0x0000000095e00000, 0x0000000095f00000, 0x0000000095f00000|100%| O|  |TAMS 0x0000000095f00000| PB 0x0000000095f00000| Untracked 
| 351|0x0000000095f00000, 0x0000000096000000, 0x0000000096000000|100%| O|  |TAMS 0x0000000096000000| PB 0x0000000096000000| Untracked 
| 352|0x0000000096000000, 0x0000000096100000, 0x0000000096100000|100%| O|  |TAMS 0x0000000096100000| PB 0x0000000096100000| Untracked 
| 353|0x0000000096100000, 0x0000000096200000, 0x0000000096200000|100%| O|  |TAMS 0x0000000096200000| PB 0x0000000096200000| Updating 
| 354|0x0000000096200000, 0x0000000096300000, 0x0000000096300000|100%| O|  |TAMS 0x0000000096300000| PB 0x0000000096300000| Updating 
| 355|0x0000000096300000, 0x0000000096400000, 0x0000000096400000|100%| O|  |TAMS 0x0000000096400000| PB 0x0000000096400000| Updating 
| 356|0x0000000096400000, 0x0000000096500000, 0x0000000096500000|100%| O|  |TAMS 0x0000000096500000| PB 0x0000000096500000| Updating 
| 357|0x0000000096500000, 0x0000000096600000, 0x0000000096600000|100%| O|  |TAMS 0x0000000096600000| PB 0x0000000096600000| Untracked 
| 358|0x0000000096600000, 0x0000000096700000, 0x0000000096700000|100%| O|  |TAMS 0x0000000096700000| PB 0x0000000096700000| Untracked 
| 359|0x0000000096700000, 0x0000000096800000, 0x0000000096800000|100%| O|  |TAMS 0x0000000096800000| PB 0x0000000096800000| Updating 
| 360|0x0000000096800000, 0x0000000096900000, 0x0000000096900000|100%| O|  |TAMS 0x0000000096900000| PB 0x0000000096900000| Updating 
| 361|0x0000000096900000, 0x0000000096a00000, 0x0000000096a00000|100%| O|  |TAMS 0x0000000096a00000| PB 0x0000000096a00000| Updating 
| 362|0x0000000096a00000, 0x0000000096b00000, 0x0000000096b00000|100%| O|  |TAMS 0x0000000096b00000| PB 0x0000000096b00000| Untracked 
| 363|0x0000000096b00000, 0x0000000096c00000, 0x0000000096c00000|100%| O|  |TAMS 0x0000000096c00000| PB 0x0000000096c00000| Updating 
| 364|0x0000000096c00000, 0x0000000096d00000, 0x0000000096d00000|100%| O|  |TAMS 0x0000000096d00000| PB 0x0000000096d00000| Untracked 
| 365|0x0000000096d00000, 0x0000000096e00000, 0x0000000096e00000|100%| O|  |TAMS 0x0000000096e00000| PB 0x0000000096e00000| Untracked 
| 366|0x0000000096e00000, 0x0000000096f00000, 0x0000000096f00000|100%| O|  |TAMS 0x0000000096f00000| PB 0x0000000096f00000| Updating 
| 367|0x0000000096f00000, 0x0000000097000000, 0x0000000097000000|100%| O|  |TAMS 0x0000000097000000| PB 0x0000000097000000| Untracked 
| 368|0x0000000097000000, 0x0000000097100000, 0x0000000097100000|100%| O|  |TAMS 0x0000000097100000| PB 0x0000000097100000| Updating 
| 369|0x0000000097100000, 0x0000000097200000, 0x0000000097200000|100%| O|  |TAMS 0x0000000097200000| PB 0x0000000097200000| Untracked 
| 370|0x0000000097200000, 0x0000000097300000, 0x0000000097300000|100%| O|  |TAMS 0x0000000097300000| PB 0x0000000097300000| Updating 
| 371|0x0000000097300000, 0x0000000097400000, 0x0000000097400000|100%| O|  |TAMS 0x0000000097400000| PB 0x0000000097400000| Untracked 
| 372|0x0000000097400000, 0x0000000097500000, 0x0000000097500000|100%| O|  |TAMS 0x0000000097500000| PB 0x0000000097500000| Updating 
| 373|0x0000000097500000, 0x0000000097600000, 0x0000000097600000|100%| O|  |TAMS 0x0000000097600000| PB 0x0000000097600000| Untracked 
| 374|0x0000000097600000, 0x0000000097700000, 0x0000000097700000|100%| O|  |TAMS 0x0000000097700000| PB 0x0000000097700000| Updating 
| 375|0x0000000097700000, 0x0000000097800000, 0x0000000097800000|100%| O|  |TAMS 0x0000000097800000| PB 0x0000000097800000| Untracked 
| 376|0x0000000097800000, 0x0000000097900000, 0x0000000097900000|100%| O|  |TAMS 0x0000000097900000| PB 0x0000000097900000| Updating 
| 377|0x0000000097900000, 0x0000000097a00000, 0x0000000097a00000|100%| O|  |TAMS 0x0000000097a00000| PB 0x0000000097a00000| Untracked 
| 378|0x0000000097a00000, 0x0000000097b00000, 0x0000000097b00000|100%| O|  |TAMS 0x0000000097b00000| PB 0x0000000097b00000| Untracked 
| 379|0x0000000097b00000, 0x0000000097c00000, 0x0000000097c00000|100%| O|  |TAMS 0x0000000097c00000| PB 0x0000000097c00000| Updating 
| 380|0x0000000097c00000, 0x0000000097d00000, 0x0000000097d00000|100%| O|  |TAMS 0x0000000097d00000| PB 0x0000000097d00000| Updating 
| 381|0x0000000097d00000, 0x0000000097e00000, 0x0000000097e00000|100%|HS|  |TAMS 0x0000000097d00000| PB 0x0000000097d00000| Complete 
| 382|0x0000000097e00000, 0x0000000097f00000, 0x0000000097f00000|100%| O|  |TAMS 0x0000000097f00000| PB 0x0000000097f00000| Updating 
| 383|0x0000000097f00000, 0x0000000098000000, 0x0000000098000000|100%|HS|  |TAMS 0x0000000098000000| PB 0x0000000097f00000| Complete 
| 384|0x0000000098000000, 0x0000000098100000, 0x0000000098100000|100%|HS|  |TAMS 0x0000000098100000| PB 0x0000000098000000| Complete 
| 385|0x0000000098100000, 0x0000000098200000, 0x0000000098200000|100%|HC|  |TAMS 0x0000000098200000| PB 0x0000000098100000| Complete 
| 386|0x0000000098200000, 0x0000000098300000, 0x0000000098300000|100%| O|  |TAMS 0x0000000098300000| PB 0x0000000098300000| Updating 
| 387|0x0000000098300000, 0x0000000098400000, 0x0000000098400000|100%| O|  |TAMS 0x0000000098400000| PB 0x0000000098400000| Updating 
| 388|0x0000000098400000, 0x0000000098500000, 0x0000000098500000|100%| O|  |TAMS 0x0000000098500000| PB 0x0000000098500000| Updating 
| 389|0x0000000098500000, 0x0000000098600000, 0x0000000098600000|100%|HS|  |TAMS 0x0000000098600000| PB 0x0000000098500000| Complete 
| 390|0x0000000098600000, 0x0000000098700000, 0x0000000098700000|100%|HC|  |TAMS 0x0000000098700000| PB 0x0000000098600000| Complete 
| 391|0x0000000098700000, 0x0000000098800000, 0x0000000098800000|100%| O|  |TAMS 0x0000000098800000| PB 0x0000000098800000| Untracked 
| 392|0x0000000098800000, 0x0000000098900000, 0x0000000098900000|100%| O|  |TAMS 0x0000000098900000| PB 0x0000000098900000| Untracked 
| 393|0x0000000098900000, 0x0000000098a00000, 0x0000000098a00000|100%| O|  |TAMS 0x0000000098a00000| PB 0x0000000098a00000| Untracked 
| 394|0x0000000098a00000, 0x0000000098a00000, 0x0000000098b00000|  0%| F|  |TAMS 0x0000000098a00000| PB 0x0000000098a00000| Untracked 
| 395|0x0000000098b00000, 0x0000000098c00000, 0x0000000098c00000|100%|HS|  |TAMS 0x0000000098c00000| PB 0x0000000098b00000| Complete 
| 396|0x0000000098c00000, 0x0000000098d00000, 0x0000000098d00000|100%| O|  |TAMS 0x0000000098d00000| PB 0x0000000098d00000| Untracked 
| 397|0x0000000098d00000, 0x0000000098e00000, 0x0000000098e00000|100%| O|  |TAMS 0x0000000098e00000| PB 0x0000000098e00000| Untracked 
| 398|0x0000000098e00000, 0x0000000098f00000, 0x0000000098f00000|100%| O|  |TAMS 0x0000000098f00000| PB 0x0000000098f00000| Updating 
| 399|0x0000000098f00000, 0x0000000099000000, 0x0000000099000000|100%|HS|  |TAMS 0x0000000099000000| PB 0x0000000098f00000| Complete 
| 400|0x0000000099000000, 0x0000000099100000, 0x0000000099100000|100%|HC|  |TAMS 0x0000000099100000| PB 0x0000000099000000| Complete 
| 401|0x0000000099100000, 0x0000000099200000, 0x0000000099200000|100%| O|  |TAMS 0x0000000099200000| PB 0x0000000099200000| Untracked 
| 402|0x0000000099200000, 0x0000000099300000, 0x0000000099300000|100%| O|  |TAMS 0x0000000099300000| PB 0x0000000099300000| Untracked 
| 403|0x0000000099300000, 0x0000000099400000, 0x0000000099400000|100%| O|  |TAMS 0x0000000099400000| PB 0x0000000099400000| Untracked 
| 404|0x0000000099400000, 0x0000000099500000, 0x0000000099500000|100%|HS|  |TAMS 0x0000000099400000| PB 0x0000000099400000| Complete 
| 405|0x0000000099500000, 0x0000000099600000, 0x0000000099600000|100%|HC|  |TAMS 0x0000000099500000| PB 0x0000000099500000| Complete 
| 406|0x0000000099600000, 0x0000000099700000, 0x0000000099700000|100%| O|  |TAMS 0x0000000099700000| PB 0x0000000099700000| Untracked 
| 407|0x0000000099700000, 0x0000000099800000, 0x0000000099800000|100%| O|  |TAMS 0x0000000099800000| PB 0x0000000099800000| Untracked 
| 408|0x0000000099800000, 0x0000000099900000, 0x0000000099900000|100%| O|  |TAMS 0x0000000099900000| PB 0x0000000099900000| Untracked 
| 409|0x0000000099900000, 0x0000000099a00000, 0x0000000099a00000|100%| O|  |TAMS 0x0000000099a00000| PB 0x0000000099a00000| Untracked 
| 410|0x0000000099a00000, 0x0000000099b00000, 0x0000000099b00000|100%| O|  |TAMS 0x0000000099b00000| PB 0x0000000099b00000| Untracked 
| 411|0x0000000099b00000, 0x0000000099c00000, 0x0000000099c00000|100%| O|  |TAMS 0x0000000099c00000| PB 0x0000000099c00000| Untracked 
| 412|0x0000000099c00000, 0x0000000099d00000, 0x0000000099d00000|100%| O|  |TAMS 0x0000000099d00000| PB 0x0000000099d00000| Untracked 
| 413|0x0000000099d00000, 0x0000000099e00000, 0x0000000099e00000|100%| O|  |TAMS 0x0000000099e00000| PB 0x0000000099e00000| Untracked 
| 414|0x0000000099e00000, 0x0000000099f00000, 0x0000000099f00000|100%| O|  |TAMS 0x0000000099f00000| PB 0x0000000099f00000| Untracked 
| 415|0x0000000099f00000, 0x000000009a000000, 0x000000009a000000|100%| O|  |TAMS 0x000000009a000000| PB 0x000000009a000000| Untracked 
| 416|0x000000009a000000, 0x000000009a100000, 0x000000009a100000|100%| O|  |TAMS 0x000000009a100000| PB 0x000000009a100000| Untracked 
| 417|0x000000009a100000, 0x000000009a200000, 0x000000009a200000|100%| O|  |TAMS 0x000000009a200000| PB 0x000000009a200000| Untracked 
| 418|0x000000009a200000, 0x000000009a300000, 0x000000009a300000|100%| O|  |TAMS 0x000000009a300000| PB 0x000000009a300000| Untracked 
| 419|0x000000009a300000, 0x000000009a400000, 0x000000009a400000|100%| O|  |TAMS 0x000000009a400000| PB 0x000000009a400000| Untracked 
| 420|0x000000009a400000, 0x000000009a500000, 0x000000009a500000|100%| O|  |TAMS 0x000000009a500000| PB 0x000000009a500000| Updating 
| 421|0x000000009a500000, 0x000000009a600000, 0x000000009a600000|100%| O|  |TAMS 0x000000009a600000| PB 0x000000009a600000| Updating 
| 422|0x000000009a600000, 0x000000009a700000, 0x000000009a700000|100%| O|  |TAMS 0x000000009a700000| PB 0x000000009a700000| Updating 
| 423|0x000000009a700000, 0x000000009a800000, 0x000000009a800000|100%| O|  |TAMS 0x000000009a800000| PB 0x000000009a800000| Updating 
| 424|0x000000009a800000, 0x000000009a900000, 0x000000009a900000|100%| O|  |TAMS 0x000000009a900000| PB 0x000000009a900000| Updating 
| 425|0x000000009a900000, 0x000000009aa00000, 0x000000009aa00000|100%| O|  |TAMS 0x000000009aa00000| PB 0x000000009aa00000| Updating 
| 426|0x000000009aa00000, 0x000000009ab00000, 0x000000009ab00000|100%| O|  |TAMS 0x000000009ab00000| PB 0x000000009ab00000| Updating 
| 427|0x000000009ab00000, 0x000000009ac00000, 0x000000009ac00000|100%| O|  |TAMS 0x000000009ac00000| PB 0x000000009ac00000| Updating 
| 428|0x000000009ac00000, 0x000000009ad00000, 0x000000009ad00000|100%| O|  |TAMS 0x000000009ad00000| PB 0x000000009ad00000| Updating 
| 429|0x000000009ad00000, 0x000000009ae00000, 0x000000009ae00000|100%| O|  |TAMS 0x000000009ae00000| PB 0x000000009ae00000| Updating 
| 430|0x000000009ae00000, 0x000000009af00000, 0x000000009af00000|100%| O|  |TAMS 0x000000009af00000| PB 0x000000009af00000| Updating 
| 431|0x000000009af00000, 0x000000009b000000, 0x000000009b000000|100%| O|  |TAMS 0x000000009b000000| PB 0x000000009b000000| Untracked 
| 432|0x000000009b000000, 0x000000009b100000, 0x000000009b100000|100%| O|  |TAMS 0x000000009b100000| PB 0x000000009b100000| Untracked 
| 433|0x000000009b100000, 0x000000009b200000, 0x000000009b200000|100%| O|  |TAMS 0x000000009b200000| PB 0x000000009b200000| Untracked 
| 434|0x000000009b200000, 0x000000009b300000, 0x000000009b300000|100%| O|  |TAMS 0x000000009b300000| PB 0x000000009b300000| Untracked 
| 435|0x000000009b300000, 0x000000009b400000, 0x000000009b400000|100%| O|  |TAMS 0x000000009b400000| PB 0x000000009b400000| Untracked 
| 436|0x000000009b400000, 0x000000009b500000, 0x000000009b500000|100%| O|  |TAMS 0x000000009b500000| PB 0x000000009b500000| Untracked 
| 437|0x000000009b500000, 0x000000009b600000, 0x000000009b600000|100%| O|  |TAMS 0x000000009b600000| PB 0x000000009b600000| Untracked 
| 438|0x000000009b600000, 0x000000009b700000, 0x000000009b700000|100%| O|  |TAMS 0x000000009b700000| PB 0x000000009b700000| Untracked 
| 439|0x000000009b700000, 0x000000009b800000, 0x000000009b800000|100%| O|  |TAMS 0x000000009b800000| PB 0x000000009b800000| Untracked 
| 440|0x000000009b800000, 0x000000009b900000, 0x000000009b900000|100%| O|  |TAMS 0x000000009b900000| PB 0x000000009b900000| Untracked 
| 441|0x000000009b900000, 0x000000009ba00000, 0x000000009ba00000|100%| O|  |TAMS 0x000000009ba00000| PB 0x000000009ba00000| Untracked 
| 442|0x000000009ba00000, 0x000000009bb00000, 0x000000009bb00000|100%| O|  |TAMS 0x000000009bb00000| PB 0x000000009bb00000| Untracked 
| 443|0x000000009bb00000, 0x000000009bc00000, 0x000000009bc00000|100%| O|  |TAMS 0x000000009bc00000| PB 0x000000009bc00000| Untracked 
| 444|0x000000009bc00000, 0x000000009bd00000, 0x000000009bd00000|100%| O|  |TAMS 0x000000009bd00000| PB 0x000000009bd00000| Untracked 
| 445|0x000000009bd00000, 0x000000009be00000, 0x000000009be00000|100%| O|  |TAMS 0x000000009be00000| PB 0x000000009be00000| Untracked 
| 446|0x000000009be00000, 0x000000009bf00000, 0x000000009bf00000|100%| O|  |TAMS 0x000000009bf00000| PB 0x000000009bf00000| Untracked 
| 447|0x000000009bf00000, 0x000000009c000000, 0x000000009c000000|100%|HS|  |TAMS 0x000000009bf00000| PB 0x000000009bf00000| Complete 
| 448|0x000000009c000000, 0x000000009c100000, 0x000000009c100000|100%|HS|  |TAMS 0x000000009c000000| PB 0x000000009c000000| Complete 
| 449|0x000000009c100000, 0x000000009c200000, 0x000000009c200000|100%| O|  |TAMS 0x000000009c200000| PB 0x000000009c200000| Untracked 
| 450|0x000000009c200000, 0x000000009c300000, 0x000000009c300000|100%| O|  |TAMS 0x000000009c300000| PB 0x000000009c300000| Updating 
| 451|0x000000009c300000, 0x000000009c400000, 0x000000009c400000|100%| O|  |TAMS 0x000000009c400000| PB 0x000000009c400000| Untracked 
| 452|0x000000009c400000, 0x000000009c500000, 0x000000009c500000|100%| O|  |TAMS 0x000000009c500000| PB 0x000000009c500000| Updating 
| 453|0x000000009c500000, 0x000000009c600000, 0x000000009c600000|100%| O|  |TAMS 0x000000009c600000| PB 0x000000009c600000| Updating 
| 454|0x000000009c600000, 0x000000009c700000, 0x000000009c700000|100%| O|  |TAMS 0x000000009c700000| PB 0x000000009c700000| Updating 
| 455|0x000000009c700000, 0x000000009c800000, 0x000000009c800000|100%| O|  |TAMS 0x000000009c800000| PB 0x000000009c800000| Updating 
| 456|0x000000009c800000, 0x000000009c900000, 0x000000009c900000|100%| O|  |TAMS 0x000000009c900000| PB 0x000000009c900000| Updating 
| 457|0x000000009c900000, 0x000000009ca00000, 0x000000009ca00000|100%| O|  |TAMS 0x000000009ca00000| PB 0x000000009ca00000| Updating 
| 458|0x000000009ca00000, 0x000000009cb00000, 0x000000009cb00000|100%| O|  |TAMS 0x000000009cb00000| PB 0x000000009cb00000| Updating 
| 459|0x000000009cb00000, 0x000000009cc00000, 0x000000009cc00000|100%| O|  |TAMS 0x000000009cc00000| PB 0x000000009cc00000| Updating 
| 460|0x000000009cc00000, 0x000000009cd00000, 0x000000009cd00000|100%| O|  |TAMS 0x000000009cd00000| PB 0x000000009cd00000| Updating 
| 461|0x000000009cd00000, 0x000000009ce00000, 0x000000009ce00000|100%| O|  |TAMS 0x000000009ce00000| PB 0x000000009ce00000| Updating 
| 462|0x000000009ce00000, 0x000000009cf00000, 0x000000009cf00000|100%| O|  |TAMS 0x000000009cf00000| PB 0x000000009cf00000| Updating 
| 463|0x000000009cf00000, 0x000000009d000000, 0x000000009d000000|100%| O|  |TAMS 0x000000009d000000| PB 0x000000009d000000| Updating 
| 464|0x000000009d000000, 0x000000009d100000, 0x000000009d100000|100%|HS|  |TAMS 0x000000009d000000| PB 0x000000009d000000| Complete 
| 465|0x000000009d100000, 0x000000009d200000, 0x000000009d200000|100%|HS|  |TAMS 0x000000009d200000| PB 0x000000009d100000| Complete 
| 466|0x000000009d200000, 0x000000009d300000, 0x000000009d300000|100%|HS|  |TAMS 0x000000009d300000| PB 0x000000009d200000| Complete 
| 467|0x000000009d300000, 0x000000009d400000, 0x000000009d400000|100%|HS|  |TAMS 0x000000009d400000| PB 0x000000009d300000| Complete 
| 468|0x000000009d400000, 0x000000009d500000, 0x000000009d500000|100%|HS|  |TAMS 0x000000009d500000| PB 0x000000009d400000| Complete 
| 469|0x000000009d500000, 0x000000009d600000, 0x000000009d600000|100%|HC|  |TAMS 0x000000009d600000| PB 0x000000009d500000| Complete 
| 470|0x000000009d600000, 0x000000009d700000, 0x000000009d700000|100%|HS|  |TAMS 0x000000009d700000| PB 0x000000009d600000| Complete 
| 471|0x000000009d700000, 0x000000009d800000, 0x000000009d800000|100%|HS|  |TAMS 0x000000009d800000| PB 0x000000009d700000| Complete 
| 472|0x000000009d800000, 0x000000009d900000, 0x000000009d900000|100%|HS|  |TAMS 0x000000009d900000| PB 0x000000009d800000| Complete 
| 473|0x000000009d900000, 0x000000009da00000, 0x000000009da00000|100%|HC|  |TAMS 0x000000009da00000| PB 0x000000009d900000| Complete 
| 474|0x000000009da00000, 0x000000009db00000, 0x000000009db00000|100%|HS|  |TAMS 0x000000009db00000| PB 0x000000009da00000| Complete 
| 475|0x000000009db00000, 0x000000009dc00000, 0x000000009dc00000|100%|HS|  |TAMS 0x000000009dc00000| PB 0x000000009db00000| Complete 
| 476|0x000000009dc00000, 0x000000009dd00000, 0x000000009dd00000|100%|HS|  |TAMS 0x000000009dd00000| PB 0x000000009dc00000| Complete 
| 477|0x000000009dd00000, 0x000000009de00000, 0x000000009de00000|100%|HS|  |TAMS 0x000000009de00000| PB 0x000000009dd00000| Complete 
| 478|0x000000009de00000, 0x000000009df00000, 0x000000009df00000|100%|HC|  |TAMS 0x000000009df00000| PB 0x000000009de00000| Complete 
| 479|0x000000009df00000, 0x000000009e000000, 0x000000009e000000|100%|HS|  |TAMS 0x000000009e000000| PB 0x000000009df00000| Complete 
| 480|0x000000009e000000, 0x000000009e100000, 0x000000009e100000|100%| O|  |TAMS 0x000000009e100000| PB 0x000000009e100000| Updating 
| 481|0x000000009e100000, 0x000000009e200000, 0x000000009e200000|100%| O|  |TAMS 0x000000009e200000| PB 0x000000009e200000| Untracked 
| 482|0x000000009e200000, 0x000000009e300000, 0x000000009e300000|100%| O|  |TAMS 0x000000009e300000| PB 0x000000009e300000| Untracked 
| 483|0x000000009e300000, 0x000000009e400000, 0x000000009e400000|100%| O|  |TAMS 0x000000009e400000| PB 0x000000009e400000| Untracked 
| 484|0x000000009e400000, 0x000000009e500000, 0x000000009e500000|100%| O|  |TAMS 0x000000009e500000| PB 0x000000009e500000| Untracked 
| 485|0x000000009e500000, 0x000000009e600000, 0x000000009e600000|100%| O|  |TAMS 0x000000009e600000| PB 0x000000009e600000| Untracked 
| 486|0x000000009e600000, 0x000000009e700000, 0x000000009e700000|100%| O|  |TAMS 0x000000009e700000| PB 0x000000009e700000| Untracked 
| 487|0x000000009e700000, 0x000000009e800000, 0x000000009e800000|100%| O|  |TAMS 0x000000009e800000| PB 0x000000009e800000| Untracked 
| 488|0x000000009e800000, 0x000000009e900000, 0x000000009e900000|100%| O|  |TAMS 0x000000009e900000| PB 0x000000009e900000| Updating 
| 489|0x000000009e900000, 0x000000009ea00000, 0x000000009ea00000|100%| O|  |TAMS 0x000000009ea00000| PB 0x000000009ea00000| Untracked 
| 490|0x000000009ea00000, 0x000000009eb00000, 0x000000009eb00000|100%| O|  |TAMS 0x000000009eb00000| PB 0x000000009eb00000| Untracked 
| 491|0x000000009eb00000, 0x000000009ec00000, 0x000000009ec00000|100%| O|  |TAMS 0x000000009ec00000| PB 0x000000009ec00000| Updating 
| 492|0x000000009ec00000, 0x000000009ed00000, 0x000000009ed00000|100%| O|  |TAMS 0x000000009ed00000| PB 0x000000009ed00000| Updating 
| 493|0x000000009ed00000, 0x000000009ee00000, 0x000000009ee00000|100%| O|  |TAMS 0x000000009ee00000| PB 0x000000009ee00000| Untracked 
| 494|0x000000009ee00000, 0x000000009ef00000, 0x000000009ef00000|100%| O|  |TAMS 0x000000009ef00000| PB 0x000000009ef00000| Updating 
| 495|0x000000009ef00000, 0x000000009f000000, 0x000000009f000000|100%| O|  |TAMS 0x000000009f000000| PB 0x000000009f000000| Updating 
| 496|0x000000009f000000, 0x000000009f100000, 0x000000009f100000|100%| O|  |TAMS 0x000000009f0cf750| PB 0x000000009f0cf750| Updating 
| 497|0x000000009f100000, 0x000000009f200000, 0x000000009f200000|100%|HS|  |TAMS 0x000000009f100000| PB 0x000000009f100000| Complete 
| 498|0x000000009f200000, 0x000000009f300000, 0x000000009f300000|100%|HC|  |TAMS 0x000000009f200000| PB 0x000000009f200000| Complete 
| 499|0x000000009f300000, 0x000000009f400000, 0x000000009f400000|100%|HS|  |TAMS 0x000000009f300000| PB 0x000000009f300000| Complete 
| 500|0x000000009f400000, 0x000000009f500000, 0x000000009f500000|100%|HS|  |TAMS 0x000000009f400000| PB 0x000000009f400000| Complete 
| 501|0x000000009f500000, 0x000000009f600000, 0x000000009f600000|100%|HC|  |TAMS 0x000000009f500000| PB 0x000000009f500000| Complete 
| 502|0x000000009f600000, 0x000000009f600000, 0x000000009f700000|  0%| F|  |TAMS 0x000000009f600000| PB 0x000000009f600000| Untracked 
| 503|0x000000009f700000, 0x000000009f700000, 0x000000009f800000|  0%| F|  |TAMS 0x000000009f700000| PB 0x000000009f700000| Untracked 
| 504|0x000000009f800000, 0x000000009f800000, 0x000000009f900000|  0%| F|  |TAMS 0x000000009f800000| PB 0x000000009f800000| Untracked 
| 505|0x000000009f900000, 0x000000009f900000, 0x000000009fa00000|  0%| F|  |TAMS 0x000000009f900000| PB 0x000000009f900000| Untracked 
| 506|0x000000009fa00000, 0x000000009fa00000, 0x000000009fb00000|  0%| F|  |TAMS 0x000000009fa00000| PB 0x000000009fa00000| Untracked 
| 507|0x000000009fb00000, 0x000000009fb00000, 0x000000009fc00000|  0%| F|  |TAMS 0x000000009fb00000| PB 0x000000009fb00000| Untracked 
| 508|0x000000009fc00000, 0x000000009fc00000, 0x000000009fd00000|  0%| F|  |TAMS 0x000000009fc00000| PB 0x000000009fc00000| Untracked 
| 509|0x000000009fd00000, 0x000000009fd00000, 0x000000009fe00000|  0%| F|  |TAMS 0x000000009fd00000| PB 0x000000009fd00000| Untracked 
| 510|0x000000009fe00000, 0x000000009fe00000, 0x000000009ff00000|  0%| F|  |TAMS 0x000000009fe00000| PB 0x000000009fe00000| Untracked 
| 511|0x000000009ff00000, 0x000000009ff00000, 0x00000000a0000000|  0%| F|  |TAMS 0x000000009ff00000| PB 0x000000009ff00000| Untracked 
| 512|0x00000000a0000000, 0x00000000a0000000, 0x00000000a0100000|  0%| F|  |TAMS 0x00000000a0000000| PB 0x00000000a0000000| Untracked 
| 513|0x00000000a0100000, 0x00000000a0100000, 0x00000000a0200000|  0%| F|  |TAMS 0x00000000a0100000| PB 0x00000000a0100000| Untracked 
| 514|0x00000000a0200000, 0x00000000a0200000, 0x00000000a0300000|  0%| F|  |TAMS 0x00000000a0200000| PB 0x00000000a0200000| Untracked 
| 515|0x00000000a0300000, 0x00000000a0300000, 0x00000000a0400000|  0%| F|  |TAMS 0x00000000a0300000| PB 0x00000000a0300000| Untracked 
| 516|0x00000000a0400000, 0x00000000a0400000, 0x00000000a0500000|  0%| F|  |TAMS 0x00000000a0400000| PB 0x00000000a0400000| Untracked 
| 517|0x00000000a0500000, 0x00000000a0500000, 0x00000000a0600000|  0%| F|  |TAMS 0x00000000a0500000| PB 0x00000000a0500000| Untracked 
| 518|0x00000000a0600000, 0x00000000a0600000, 0x00000000a0700000|  0%| F|  |TAMS 0x00000000a0600000| PB 0x00000000a0600000| Untracked 
| 519|0x00000000a0700000, 0x00000000a0700000, 0x00000000a0800000|  0%| F|  |TAMS 0x00000000a0700000| PB 0x00000000a0700000| Untracked 
| 520|0x00000000a0800000, 0x00000000a0800000, 0x00000000a0900000|  0%| F|  |TAMS 0x00000000a0800000| PB 0x00000000a0800000| Untracked 
| 521|0x00000000a0900000, 0x00000000a0900000, 0x00000000a0a00000|  0%| F|  |TAMS 0x00000000a0900000| PB 0x00000000a0900000| Untracked 
| 522|0x00000000a0a00000, 0x00000000a0a00000, 0x00000000a0b00000|  0%| F|  |TAMS 0x00000000a0a00000| PB 0x00000000a0a00000| Untracked 
| 523|0x00000000a0b00000, 0x00000000a0b00000, 0x00000000a0c00000|  0%| F|  |TAMS 0x00000000a0b00000| PB 0x00000000a0b00000| Untracked 
| 524|0x00000000a0c00000, 0x00000000a0c00000, 0x00000000a0d00000|  0%| F|  |TAMS 0x00000000a0c00000| PB 0x00000000a0c00000| Untracked 
| 525|0x00000000a0d00000, 0x00000000a0d00000, 0x00000000a0e00000|  0%| F|  |TAMS 0x00000000a0d00000| PB 0x00000000a0d00000| Untracked 
| 526|0x00000000a0e00000, 0x00000000a0e00000, 0x00000000a0f00000|  0%| F|  |TAMS 0x00000000a0e00000| PB 0x00000000a0e00000| Untracked 
| 527|0x00000000a0f00000, 0x00000000a0f00000, 0x00000000a1000000|  0%| F|  |TAMS 0x00000000a0f00000| PB 0x00000000a0f00000| Untracked 
| 528|0x00000000a1000000, 0x00000000a1000000, 0x00000000a1100000|  0%| F|  |TAMS 0x00000000a1000000| PB 0x00000000a1000000| Untracked 
| 529|0x00000000a1100000, 0x00000000a1100000, 0x00000000a1200000|  0%| F|  |TAMS 0x00000000a1100000| PB 0x00000000a1100000| Untracked 
| 530|0x00000000a1200000, 0x00000000a1200000, 0x00000000a1300000|  0%| F|  |TAMS 0x00000000a1200000| PB 0x00000000a1200000| Untracked 
| 531|0x00000000a1300000, 0x00000000a1300000, 0x00000000a1400000|  0%| F|  |TAMS 0x00000000a1300000| PB 0x00000000a1300000| Untracked 
| 532|0x00000000a1400000, 0x00000000a1400000, 0x00000000a1500000|  0%| F|  |TAMS 0x00000000a1400000| PB 0x00000000a1400000| Untracked 
| 533|0x00000000a1500000, 0x00000000a1500000, 0x00000000a1600000|  0%| F|  |TAMS 0x00000000a1500000| PB 0x00000000a1500000| Untracked 
| 534|0x00000000a1600000, 0x00000000a1600000, 0x00000000a1700000|  0%| F|  |TAMS 0x00000000a1600000| PB 0x00000000a1600000| Untracked 
| 535|0x00000000a1700000, 0x00000000a1700000, 0x00000000a1800000|  0%| F|  |TAMS 0x00000000a1700000| PB 0x00000000a1700000| Untracked 
| 536|0x00000000a1800000, 0x00000000a1800000, 0x00000000a1900000|  0%| F|  |TAMS 0x00000000a1800000| PB 0x00000000a1800000| Untracked 
| 537|0x00000000a1900000, 0x00000000a1900000, 0x00000000a1a00000|  0%| F|  |TAMS 0x00000000a1900000| PB 0x00000000a1900000| Untracked 
| 538|0x00000000a1a00000, 0x00000000a1a00000, 0x00000000a1b00000|  0%| F|  |TAMS 0x00000000a1a00000| PB 0x00000000a1a00000| Untracked 
| 539|0x00000000a1b00000, 0x00000000a1b00000, 0x00000000a1c00000|  0%| F|  |TAMS 0x00000000a1b00000| PB 0x00000000a1b00000| Untracked 
| 540|0x00000000a1c00000, 0x00000000a1c00000, 0x00000000a1d00000|  0%| F|  |TAMS 0x00000000a1c00000| PB 0x00000000a1c00000| Untracked 
| 541|0x00000000a1d00000, 0x00000000a1d00000, 0x00000000a1e00000|  0%| F|  |TAMS 0x00000000a1d00000| PB 0x00000000a1d00000| Untracked 
| 542|0x00000000a1e00000, 0x00000000a1e00000, 0x00000000a1f00000|  0%| F|  |TAMS 0x00000000a1e00000| PB 0x00000000a1e00000| Untracked 
| 543|0x00000000a1f00000, 0x00000000a1f00000, 0x00000000a2000000|  0%| F|  |TAMS 0x00000000a1f00000| PB 0x00000000a1f00000| Untracked 
| 544|0x00000000a2000000, 0x00000000a2000000, 0x00000000a2100000|  0%| F|  |TAMS 0x00000000a2000000| PB 0x00000000a2000000| Untracked 
| 545|0x00000000a2100000, 0x00000000a2100000, 0x00000000a2200000|  0%| F|  |TAMS 0x00000000a2100000| PB 0x00000000a2100000| Untracked 
| 546|0x00000000a2200000, 0x00000000a2200000, 0x00000000a2300000|  0%| F|  |TAMS 0x00000000a2200000| PB 0x00000000a2200000| Untracked 
| 547|0x00000000a2300000, 0x00000000a2300000, 0x00000000a2400000|  0%| F|  |TAMS 0x00000000a2300000| PB 0x00000000a2300000| Untracked 
| 548|0x00000000a2400000, 0x00000000a2400000, 0x00000000a2500000|  0%| F|  |TAMS 0x00000000a2400000| PB 0x00000000a2400000| Untracked 
| 549|0x00000000a2500000, 0x00000000a2500000, 0x00000000a2600000|  0%| F|  |TAMS 0x00000000a2500000| PB 0x00000000a2500000| Untracked 
| 550|0x00000000a2600000, 0x00000000a2600000, 0x00000000a2700000|  0%| F|  |TAMS 0x00000000a2600000| PB 0x00000000a2600000| Untracked 
| 551|0x00000000a2700000, 0x00000000a2700000, 0x00000000a2800000|  0%| F|  |TAMS 0x00000000a2700000| PB 0x00000000a2700000| Untracked 
| 552|0x00000000a2800000, 0x00000000a2800000, 0x00000000a2900000|  0%| F|  |TAMS 0x00000000a2800000| PB 0x00000000a2800000| Untracked 
| 553|0x00000000a2900000, 0x00000000a2900000, 0x00000000a2a00000|  0%| F|  |TAMS 0x00000000a2900000| PB 0x00000000a2900000| Untracked 
| 554|0x00000000a2a00000, 0x00000000a2a00000, 0x00000000a2b00000|  0%| F|  |TAMS 0x00000000a2a00000| PB 0x00000000a2a00000| Untracked 
| 555|0x00000000a2b00000, 0x00000000a2b00000, 0x00000000a2c00000|  0%| F|  |TAMS 0x00000000a2b00000| PB 0x00000000a2b00000| Untracked 
| 556|0x00000000a2c00000, 0x00000000a2c00000, 0x00000000a2d00000|  0%| F|  |TAMS 0x00000000a2c00000| PB 0x00000000a2c00000| Untracked 
| 557|0x00000000a2d00000, 0x00000000a2d00000, 0x00000000a2e00000|  0%| F|  |TAMS 0x00000000a2d00000| PB 0x00000000a2d00000| Untracked 
| 558|0x00000000a2e00000, 0x00000000a2e00000, 0x00000000a2f00000|  0%| F|  |TAMS 0x00000000a2e00000| PB 0x00000000a2e00000| Untracked 
| 559|0x00000000a2f00000, 0x00000000a2f00000, 0x00000000a3000000|  0%| F|  |TAMS 0x00000000a2f00000| PB 0x00000000a2f00000| Untracked 
| 560|0x00000000a3000000, 0x00000000a3000000, 0x00000000a3100000|  0%| F|  |TAMS 0x00000000a3000000| PB 0x00000000a3000000| Untracked 
| 561|0x00000000a3100000, 0x00000000a3100000, 0x00000000a3200000|  0%| F|  |TAMS 0x00000000a3100000| PB 0x00000000a3100000| Untracked 
| 562|0x00000000a3200000, 0x00000000a3200000, 0x00000000a3300000|  0%| F|  |TAMS 0x00000000a3200000| PB 0x00000000a3200000| Untracked 
| 563|0x00000000a3300000, 0x00000000a3300000, 0x00000000a3400000|  0%| F|  |TAMS 0x00000000a3300000| PB 0x00000000a3300000| Untracked 
| 564|0x00000000a3400000, 0x00000000a3400000, 0x00000000a3500000|  0%| F|  |TAMS 0x00000000a3400000| PB 0x00000000a3400000| Untracked 
| 565|0x00000000a3500000, 0x00000000a3500000, 0x00000000a3600000|  0%| F|  |TAMS 0x00000000a3500000| PB 0x00000000a3500000| Untracked 
| 566|0x00000000a3600000, 0x00000000a3600000, 0x00000000a3700000|  0%| F|  |TAMS 0x00000000a3600000| PB 0x00000000a3600000| Untracked 
| 567|0x00000000a3700000, 0x00000000a3700000, 0x00000000a3800000|  0%| F|  |TAMS 0x00000000a3700000| PB 0x00000000a3700000| Untracked 
| 568|0x00000000a3800000, 0x00000000a3800000, 0x00000000a3900000|  0%| F|  |TAMS 0x00000000a3800000| PB 0x00000000a3800000| Untracked 
| 569|0x00000000a3900000, 0x00000000a3900000, 0x00000000a3a00000|  0%| F|  |TAMS 0x00000000a3900000| PB 0x00000000a3900000| Untracked 
| 570|0x00000000a3a00000, 0x00000000a3a00000, 0x00000000a3b00000|  0%| F|  |TAMS 0x00000000a3a00000| PB 0x00000000a3a00000| Untracked 
| 571|0x00000000a3b00000, 0x00000000a3b00000, 0x00000000a3c00000|  0%| F|  |TAMS 0x00000000a3b00000| PB 0x00000000a3b00000| Untracked 
| 572|0x00000000a3c00000, 0x00000000a3c00000, 0x00000000a3d00000|  0%| F|  |TAMS 0x00000000a3c00000| PB 0x00000000a3c00000| Untracked 
| 573|0x00000000a3d00000, 0x00000000a3d00000, 0x00000000a3e00000|  0%| F|  |TAMS 0x00000000a3d00000| PB 0x00000000a3d00000| Untracked 
| 574|0x00000000a3e00000, 0x00000000a3e00000, 0x00000000a3f00000|  0%| F|  |TAMS 0x00000000a3e00000| PB 0x00000000a3e00000| Untracked 
| 575|0x00000000a3f00000, 0x00000000a3f00000, 0x00000000a4000000|  0%| F|  |TAMS 0x00000000a3f00000| PB 0x00000000a3f00000| Untracked 
| 576|0x00000000a4000000, 0x00000000a4000000, 0x00000000a4100000|  0%| F|  |TAMS 0x00000000a4000000| PB 0x00000000a4000000| Untracked 
| 577|0x00000000a4100000, 0x00000000a4100000, 0x00000000a4200000|  0%| F|  |TAMS 0x00000000a4100000| PB 0x00000000a4100000| Untracked 
| 578|0x00000000a4200000, 0x00000000a4200000, 0x00000000a4300000|  0%| F|  |TAMS 0x00000000a4200000| PB 0x00000000a4200000| Untracked 
| 579|0x00000000a4300000, 0x00000000a4300000, 0x00000000a4400000|  0%| F|  |TAMS 0x00000000a4300000| PB 0x00000000a4300000| Untracked 
| 580|0x00000000a4400000, 0x00000000a4400000, 0x00000000a4500000|  0%| F|  |TAMS 0x00000000a4400000| PB 0x00000000a4400000| Untracked 
| 581|0x00000000a4500000, 0x00000000a4500000, 0x00000000a4600000|  0%| F|  |TAMS 0x00000000a4500000| PB 0x00000000a4500000| Untracked 
| 582|0x00000000a4600000, 0x00000000a4600000, 0x00000000a4700000|  0%| F|  |TAMS 0x00000000a4600000| PB 0x00000000a4600000| Untracked 
| 583|0x00000000a4700000, 0x00000000a4700000, 0x00000000a4800000|  0%| F|  |TAMS 0x00000000a4700000| PB 0x00000000a4700000| Untracked 
| 584|0x00000000a4800000, 0x00000000a4800000, 0x00000000a4900000|  0%| F|  |TAMS 0x00000000a4800000| PB 0x00000000a4800000| Untracked 
| 585|0x00000000a4900000, 0x00000000a4900000, 0x00000000a4a00000|  0%| F|  |TAMS 0x00000000a4900000| PB 0x00000000a4900000| Untracked 
| 586|0x00000000a4a00000, 0x00000000a4a00000, 0x00000000a4b00000|  0%| F|  |TAMS 0x00000000a4a00000| PB 0x00000000a4a00000| Untracked 
| 587|0x00000000a4b00000, 0x00000000a4b00000, 0x00000000a4c00000|  0%| F|  |TAMS 0x00000000a4b00000| PB 0x00000000a4b00000| Untracked 
| 588|0x00000000a4c00000, 0x00000000a4c00000, 0x00000000a4d00000|  0%| F|  |TAMS 0x00000000a4c00000| PB 0x00000000a4c00000| Untracked 
| 589|0x00000000a4d00000, 0x00000000a4d00000, 0x00000000a4e00000|  0%| F|  |TAMS 0x00000000a4d00000| PB 0x00000000a4d00000| Untracked 
| 590|0x00000000a4e00000, 0x00000000a4e00000, 0x00000000a4f00000|  0%| F|  |TAMS 0x00000000a4e00000| PB 0x00000000a4e00000| Untracked 
| 591|0x00000000a4f00000, 0x00000000a4f00000, 0x00000000a5000000|  0%| F|  |TAMS 0x00000000a4f00000| PB 0x00000000a4f00000| Untracked 
| 592|0x00000000a5000000, 0x00000000a5000000, 0x00000000a5100000|  0%| F|  |TAMS 0x00000000a5000000| PB 0x00000000a5000000| Untracked 
| 593|0x00000000a5100000, 0x00000000a5100000, 0x00000000a5200000|  0%| F|  |TAMS 0x00000000a5100000| PB 0x00000000a5100000| Untracked 
| 594|0x00000000a5200000, 0x00000000a5200000, 0x00000000a5300000|  0%| F|  |TAMS 0x00000000a5200000| PB 0x00000000a5200000| Untracked 
| 595|0x00000000a5300000, 0x00000000a5300000, 0x00000000a5400000|  0%| F|  |TAMS 0x00000000a5300000| PB 0x00000000a5300000| Untracked 
| 596|0x00000000a5400000, 0x00000000a5400000, 0x00000000a5500000|  0%| F|  |TAMS 0x00000000a5400000| PB 0x00000000a5400000| Untracked 
| 597|0x00000000a5500000, 0x00000000a5500000, 0x00000000a5600000|  0%| F|  |TAMS 0x00000000a5500000| PB 0x00000000a5500000| Untracked 
| 598|0x00000000a5600000, 0x00000000a5600000, 0x00000000a5700000|  0%| F|  |TAMS 0x00000000a5600000| PB 0x00000000a5600000| Untracked 
| 599|0x00000000a5700000, 0x00000000a5700000, 0x00000000a5800000|  0%| F|  |TAMS 0x00000000a5700000| PB 0x00000000a5700000| Untracked 
| 600|0x00000000a5800000, 0x00000000a5800000, 0x00000000a5900000|  0%| F|  |TAMS 0x00000000a5800000| PB 0x00000000a5800000| Untracked 
| 601|0x00000000a5900000, 0x00000000a5900000, 0x00000000a5a00000|  0%| F|  |TAMS 0x00000000a5900000| PB 0x00000000a5900000| Untracked 
| 602|0x00000000a5a00000, 0x00000000a5a00000, 0x00000000a5b00000|  0%| F|  |TAMS 0x00000000a5a00000| PB 0x00000000a5a00000| Untracked 
| 603|0x00000000a5b00000, 0x00000000a5b00000, 0x00000000a5c00000|  0%| F|  |TAMS 0x00000000a5b00000| PB 0x00000000a5b00000| Untracked 
| 604|0x00000000a5c00000, 0x00000000a5c00000, 0x00000000a5d00000|  0%| F|  |TAMS 0x00000000a5c00000| PB 0x00000000a5c00000| Untracked 
| 605|0x00000000a5d00000, 0x00000000a5d00000, 0x00000000a5e00000|  0%| F|  |TAMS 0x00000000a5d00000| PB 0x00000000a5d00000| Untracked 
| 606|0x00000000a5e00000, 0x00000000a5e00000, 0x00000000a5f00000|  0%| F|  |TAMS 0x00000000a5e00000| PB 0x00000000a5e00000| Untracked 
| 607|0x00000000a5f00000, 0x00000000a5f00000, 0x00000000a6000000|  0%| F|  |TAMS 0x00000000a5f00000| PB 0x00000000a5f00000| Untracked 
| 608|0x00000000a6000000, 0x00000000a6000000, 0x00000000a6100000|  0%| F|  |TAMS 0x00000000a6000000| PB 0x00000000a6000000| Untracked 
| 609|0x00000000a6100000, 0x00000000a6100000, 0x00000000a6200000|  0%| F|  |TAMS 0x00000000a6100000| PB 0x00000000a6100000| Untracked 
| 610|0x00000000a6200000, 0x00000000a6200000, 0x00000000a6300000|  0%| F|  |TAMS 0x00000000a6200000| PB 0x00000000a6200000| Untracked 
| 611|0x00000000a6300000, 0x00000000a6300000, 0x00000000a6400000|  0%| F|  |TAMS 0x00000000a6300000| PB 0x00000000a6300000| Untracked 
| 612|0x00000000a6400000, 0x00000000a6400000, 0x00000000a6500000|  0%| F|  |TAMS 0x00000000a6400000| PB 0x00000000a6400000| Untracked 
| 613|0x00000000a6500000, 0x00000000a6500000, 0x00000000a6600000|  0%| F|  |TAMS 0x00000000a6500000| PB 0x00000000a6500000| Untracked 
| 614|0x00000000a6600000, 0x00000000a6600000, 0x00000000a6700000|  0%| F|  |TAMS 0x00000000a6600000| PB 0x00000000a6600000| Untracked 
| 615|0x00000000a6700000, 0x00000000a6700000, 0x00000000a6800000|  0%| F|  |TAMS 0x00000000a6700000| PB 0x00000000a6700000| Untracked 
| 616|0x00000000a6800000, 0x00000000a6800000, 0x00000000a6900000|  0%| F|  |TAMS 0x00000000a6800000| PB 0x00000000a6800000| Untracked 
| 617|0x00000000a6900000, 0x00000000a6900000, 0x00000000a6a00000|  0%| F|  |TAMS 0x00000000a6900000| PB 0x00000000a6900000| Untracked 
| 618|0x00000000a6a00000, 0x00000000a6a00000, 0x00000000a6b00000|  0%| F|  |TAMS 0x00000000a6a00000| PB 0x00000000a6a00000| Untracked 
| 619|0x00000000a6b00000, 0x00000000a6b00000, 0x00000000a6c00000|  0%| F|  |TAMS 0x00000000a6b00000| PB 0x00000000a6b00000| Untracked 
| 620|0x00000000a6c00000, 0x00000000a6c00000, 0x00000000a6d00000|  0%| F|  |TAMS 0x00000000a6c00000| PB 0x00000000a6c00000| Untracked 
| 621|0x00000000a6d00000, 0x00000000a6d00000, 0x00000000a6e00000|  0%| F|  |TAMS 0x00000000a6d00000| PB 0x00000000a6d00000| Untracked 
| 622|0x00000000a6e00000, 0x00000000a6e00000, 0x00000000a6f00000|  0%| F|  |TAMS 0x00000000a6e00000| PB 0x00000000a6e00000| Untracked 
| 623|0x00000000a6f00000, 0x00000000a6f00000, 0x00000000a7000000|  0%| F|  |TAMS 0x00000000a6f00000| PB 0x00000000a6f00000| Untracked 
| 624|0x00000000a7000000, 0x00000000a7000000, 0x00000000a7100000|  0%| F|  |TAMS 0x00000000a7000000| PB 0x00000000a7000000| Untracked 
| 625|0x00000000a7100000, 0x00000000a7100000, 0x00000000a7200000|  0%| F|  |TAMS 0x00000000a7100000| PB 0x00000000a7100000| Untracked 
| 626|0x00000000a7200000, 0x00000000a7200000, 0x00000000a7300000|  0%| F|  |TAMS 0x00000000a7200000| PB 0x00000000a7200000| Untracked 
| 627|0x00000000a7300000, 0x00000000a737b448, 0x00000000a7400000| 48%| S|CS|TAMS 0x00000000a7300000| PB 0x00000000a7300000| Complete 
| 628|0x00000000a7400000, 0x00000000a7500000, 0x00000000a7500000|100%| S|CS|TAMS 0x00000000a7400000| PB 0x00000000a7400000| Complete 
| 629|0x00000000a7500000, 0x00000000a7600000, 0x00000000a7600000|100%| S|CS|TAMS 0x00000000a7500000| PB 0x00000000a7500000| Complete 
| 630|0x00000000a7600000, 0x00000000a7700000, 0x00000000a7700000|100%| S|CS|TAMS 0x00000000a7600000| PB 0x00000000a7600000| Complete 
| 631|0x00000000a7700000, 0x00000000a7800000, 0x00000000a7800000|100%| S|CS|TAMS 0x00000000a7700000| PB 0x00000000a7700000| Complete 
| 632|0x00000000a7800000, 0x00000000a7900000, 0x00000000a7900000|100%| S|CS|TAMS 0x00000000a7800000| PB 0x00000000a7800000| Complete 
| 633|0x00000000a7900000, 0x00000000a7a00000, 0x00000000a7a00000|100%| S|CS|TAMS 0x00000000a7900000| PB 0x00000000a7900000| Complete 
| 634|0x00000000a7a00000, 0x00000000a7b00000, 0x00000000a7b00000|100%| S|CS|TAMS 0x00000000a7a00000| PB 0x00000000a7a00000| Complete 
| 635|0x00000000a7b00000, 0x00000000a7c00000, 0x00000000a7c00000|100%| S|CS|TAMS 0x00000000a7b00000| PB 0x00000000a7b00000| Complete 
| 636|0x00000000a7c00000, 0x00000000a7d00000, 0x00000000a7d00000|100%| S|CS|TAMS 0x00000000a7c00000| PB 0x00000000a7c00000| Complete 
| 637|0x00000000a7d00000, 0x00000000a7e00000, 0x00000000a7e00000|100%| S|CS|TAMS 0x00000000a7d00000| PB 0x00000000a7d00000| Complete 
| 638|0x00000000a7e00000, 0x00000000a7f00000, 0x00000000a7f00000|100%| S|CS|TAMS 0x00000000a7e00000| PB 0x00000000a7e00000| Complete 
| 639|0x00000000a7f00000, 0x00000000a8000000, 0x00000000a8000000|100%| S|CS|TAMS 0x00000000a7f00000| PB 0x00000000a7f00000| Complete 
| 640|0x00000000a8000000, 0x00000000a8100000, 0x00000000a8100000|100%| S|CS|TAMS 0x00000000a8000000| PB 0x00000000a8000000| Complete 
| 641|0x00000000a8100000, 0x00000000a8200000, 0x00000000a8200000|100%| S|CS|TAMS 0x00000000a8100000| PB 0x00000000a8100000| Complete 
| 642|0x00000000a8200000, 0x00000000a8200000, 0x00000000a8300000|  0%| F|  |TAMS 0x00000000a8200000| PB 0x00000000a8200000| Untracked 
| 643|0x00000000a8300000, 0x00000000a8300000, 0x00000000a8400000|  0%| F|  |TAMS 0x00000000a8300000| PB 0x00000000a8300000| Untracked 
| 644|0x00000000a8400000, 0x00000000a8400000, 0x00000000a8500000|  0%| F|  |TAMS 0x00000000a8400000| PB 0x00000000a8400000| Untracked 
| 645|0x00000000a8500000, 0x00000000a8500000, 0x00000000a8600000|  0%| F|  |TAMS 0x00000000a8500000| PB 0x00000000a8500000| Untracked 
| 646|0x00000000a8600000, 0x00000000a8600000, 0x00000000a8700000|  0%| F|  |TAMS 0x00000000a8600000| PB 0x00000000a8600000| Untracked 
| 647|0x00000000a8700000, 0x00000000a8700000, 0x00000000a8800000|  0%| F|  |TAMS 0x00000000a8700000| PB 0x00000000a8700000| Untracked 
| 648|0x00000000a8800000, 0x00000000a8800000, 0x00000000a8900000|  0%| F|  |TAMS 0x00000000a8800000| PB 0x00000000a8800000| Untracked 
| 649|0x00000000a8900000, 0x00000000a8900000, 0x00000000a8a00000|  0%| F|  |TAMS 0x00000000a8900000| PB 0x00000000a8900000| Untracked 
| 650|0x00000000a8a00000, 0x00000000a8a00000, 0x00000000a8b00000|  0%| F|  |TAMS 0x00000000a8a00000| PB 0x00000000a8a00000| Untracked 
| 651|0x00000000a8b00000, 0x00000000a8b00000, 0x00000000a8c00000|  0%| F|  |TAMS 0x00000000a8b00000| PB 0x00000000a8b00000| Untracked 
| 652|0x00000000a8c00000, 0x00000000a8c00000, 0x00000000a8d00000|  0%| F|  |TAMS 0x00000000a8c00000| PB 0x00000000a8c00000| Untracked 
| 653|0x00000000a8d00000, 0x00000000a8d00000, 0x00000000a8e00000|  0%| F|  |TAMS 0x00000000a8d00000| PB 0x00000000a8d00000| Untracked 
| 654|0x00000000a8e00000, 0x00000000a8e00000, 0x00000000a8f00000|  0%| F|  |TAMS 0x00000000a8e00000| PB 0x00000000a8e00000| Untracked 
| 655|0x00000000a8f00000, 0x00000000a8f00000, 0x00000000a9000000|  0%| F|  |TAMS 0x00000000a8f00000| PB 0x00000000a8f00000| Untracked 
| 656|0x00000000a9000000, 0x00000000a9000000, 0x00000000a9100000|  0%| F|  |TAMS 0x00000000a9000000| PB 0x00000000a9000000| Untracked 
| 657|0x00000000a9100000, 0x00000000a9100000, 0x00000000a9200000|  0%| F|  |TAMS 0x00000000a9100000| PB 0x00000000a9100000| Untracked 
| 658|0x00000000a9200000, 0x00000000a9200000, 0x00000000a9300000|  0%| F|  |TAMS 0x00000000a9200000| PB 0x00000000a9200000| Untracked 
| 659|0x00000000a9300000, 0x00000000a9300000, 0x00000000a9400000|  0%| F|  |TAMS 0x00000000a9300000| PB 0x00000000a9300000| Untracked 
| 660|0x00000000a9400000, 0x00000000a9400000, 0x00000000a9500000|  0%| F|  |TAMS 0x00000000a9400000| PB 0x00000000a9400000| Untracked 
| 661|0x00000000a9500000, 0x00000000a9500000, 0x00000000a9600000|  0%| F|  |TAMS 0x00000000a9500000| PB 0x00000000a9500000| Untracked 
| 662|0x00000000a9600000, 0x00000000a9600000, 0x00000000a9700000|  0%| F|  |TAMS 0x00000000a9600000| PB 0x00000000a9600000| Untracked 
| 663|0x00000000a9700000, 0x00000000a9700000, 0x00000000a9800000|  0%| F|  |TAMS 0x00000000a9700000| PB 0x00000000a9700000| Untracked 
| 664|0x00000000a9800000, 0x00000000a9800000, 0x00000000a9900000|  0%| F|  |TAMS 0x00000000a9800000| PB 0x00000000a9800000| Untracked 
| 665|0x00000000a9900000, 0x00000000a9900000, 0x00000000a9a00000|  0%| F|  |TAMS 0x00000000a9900000| PB 0x00000000a9900000| Untracked 
| 666|0x00000000a9a00000, 0x00000000a9a00000, 0x00000000a9b00000|  0%| F|  |TAMS 0x00000000a9a00000| PB 0x00000000a9a00000| Untracked 
| 667|0x00000000a9b00000, 0x00000000a9b00000, 0x00000000a9c00000|  0%| F|  |TAMS 0x00000000a9b00000| PB 0x00000000a9b00000| Untracked 
| 668|0x00000000a9c00000, 0x00000000a9c00000, 0x00000000a9d00000|  0%| F|  |TAMS 0x00000000a9c00000| PB 0x00000000a9c00000| Untracked 
| 669|0x00000000a9d00000, 0x00000000a9d00000, 0x00000000a9e00000|  0%| F|  |TAMS 0x00000000a9d00000| PB 0x00000000a9d00000| Untracked 
| 670|0x00000000a9e00000, 0x00000000a9e00000, 0x00000000a9f00000|  0%| F|  |TAMS 0x00000000a9e00000| PB 0x00000000a9e00000| Untracked 
| 671|0x00000000a9f00000, 0x00000000a9f00000, 0x00000000aa000000|  0%| F|  |TAMS 0x00000000a9f00000| PB 0x00000000a9f00000| Untracked 
| 672|0x00000000aa000000, 0x00000000aa000000, 0x00000000aa100000|  0%| F|  |TAMS 0x00000000aa000000| PB 0x00000000aa000000| Untracked 
| 673|0x00000000aa100000, 0x00000000aa100000, 0x00000000aa200000|  0%| F|  |TAMS 0x00000000aa100000| PB 0x00000000aa100000| Untracked 
| 674|0x00000000aa200000, 0x00000000aa200000, 0x00000000aa300000|  0%| F|  |TAMS 0x00000000aa200000| PB 0x00000000aa200000| Untracked 
| 675|0x00000000aa300000, 0x00000000aa300000, 0x00000000aa400000|  0%| F|  |TAMS 0x00000000aa300000| PB 0x00000000aa300000| Untracked 
| 676|0x00000000aa400000, 0x00000000aa400000, 0x00000000aa500000|  0%| F|  |TAMS 0x00000000aa400000| PB 0x00000000aa400000| Untracked 
| 677|0x00000000aa500000, 0x00000000aa500000, 0x00000000aa600000|  0%| F|  |TAMS 0x00000000aa500000| PB 0x00000000aa500000| Untracked 
| 678|0x00000000aa600000, 0x00000000aa600000, 0x00000000aa700000|  0%| F|  |TAMS 0x00000000aa600000| PB 0x00000000aa600000| Untracked 
| 679|0x00000000aa700000, 0x00000000aa700000, 0x00000000aa800000|  0%| F|  |TAMS 0x00000000aa700000| PB 0x00000000aa700000| Untracked 
| 680|0x00000000aa800000, 0x00000000aa800000, 0x00000000aa900000|  0%| F|  |TAMS 0x00000000aa800000| PB 0x00000000aa800000| Untracked 
| 681|0x00000000aa900000, 0x00000000aa900000, 0x00000000aaa00000|  0%| F|  |TAMS 0x00000000aa900000| PB 0x00000000aa900000| Untracked 
| 682|0x00000000aaa00000, 0x00000000aaa00000, 0x00000000aab00000|  0%| F|  |TAMS 0x00000000aaa00000| PB 0x00000000aaa00000| Untracked 
| 683|0x00000000aab00000, 0x00000000aab00000, 0x00000000aac00000|  0%| F|  |TAMS 0x00000000aab00000| PB 0x00000000aab00000| Untracked 
| 684|0x00000000aac00000, 0x00000000aac00000, 0x00000000aad00000|  0%| F|  |TAMS 0x00000000aac00000| PB 0x00000000aac00000| Untracked 
| 685|0x00000000aad00000, 0x00000000aad00000, 0x00000000aae00000|  0%| F|  |TAMS 0x00000000aad00000| PB 0x00000000aad00000| Untracked 
| 686|0x00000000aae00000, 0x00000000aae00000, 0x00000000aaf00000|  0%| F|  |TAMS 0x00000000aae00000| PB 0x00000000aae00000| Untracked 
| 687|0x00000000aaf00000, 0x00000000aaf00000, 0x00000000ab000000|  0%| F|  |TAMS 0x00000000aaf00000| PB 0x00000000aaf00000| Untracked 
| 688|0x00000000ab000000, 0x00000000ab000000, 0x00000000ab100000|  0%| F|  |TAMS 0x00000000ab000000| PB 0x00000000ab000000| Untracked 
| 689|0x00000000ab100000, 0x00000000ab100000, 0x00000000ab200000|  0%| F|  |TAMS 0x00000000ab100000| PB 0x00000000ab100000| Untracked 
| 690|0x00000000ab200000, 0x00000000ab200000, 0x00000000ab300000|  0%| F|  |TAMS 0x00000000ab200000| PB 0x00000000ab200000| Untracked 
| 691|0x00000000ab300000, 0x00000000ab300000, 0x00000000ab400000|  0%| F|  |TAMS 0x00000000ab300000| PB 0x00000000ab300000| Untracked 
| 692|0x00000000ab400000, 0x00000000ab400000, 0x00000000ab500000|  0%| F|  |TAMS 0x00000000ab400000| PB 0x00000000ab400000| Untracked 
| 693|0x00000000ab500000, 0x00000000ab500000, 0x00000000ab600000|  0%| F|  |TAMS 0x00000000ab500000| PB 0x00000000ab500000| Untracked 
| 694|0x00000000ab600000, 0x00000000ab600000, 0x00000000ab700000|  0%| F|  |TAMS 0x00000000ab600000| PB 0x00000000ab600000| Untracked 
| 695|0x00000000ab700000, 0x00000000ab700000, 0x00000000ab800000|  0%| F|  |TAMS 0x00000000ab700000| PB 0x00000000ab700000| Untracked 
| 696|0x00000000ab800000, 0x00000000ab800000, 0x00000000ab900000|  0%| F|  |TAMS 0x00000000ab800000| PB 0x00000000ab800000| Untracked 
| 697|0x00000000ab900000, 0x00000000ab900000, 0x00000000aba00000|  0%| F|  |TAMS 0x00000000ab900000| PB 0x00000000ab900000| Untracked 
| 698|0x00000000aba00000, 0x00000000aba00000, 0x00000000abb00000|  0%| F|  |TAMS 0x00000000aba00000| PB 0x00000000aba00000| Untracked 
| 699|0x00000000abb00000, 0x00000000abb00000, 0x00000000abc00000|  0%| F|  |TAMS 0x00000000abb00000| PB 0x00000000abb00000| Untracked 
| 700|0x00000000abc00000, 0x00000000abc00000, 0x00000000abd00000|  0%| F|  |TAMS 0x00000000abc00000| PB 0x00000000abc00000| Untracked 
| 701|0x00000000abd00000, 0x00000000abd00000, 0x00000000abe00000|  0%| F|  |TAMS 0x00000000abd00000| PB 0x00000000abd00000| Untracked 
| 702|0x00000000abe00000, 0x00000000abe00000, 0x00000000abf00000|  0%| F|  |TAMS 0x00000000abe00000| PB 0x00000000abe00000| Untracked 
| 703|0x00000000abf00000, 0x00000000abf00000, 0x00000000ac000000|  0%| F|  |TAMS 0x00000000abf00000| PB 0x00000000abf00000| Untracked 
| 704|0x00000000ac000000, 0x00000000ac000000, 0x00000000ac100000|  0%| F|  |TAMS 0x00000000ac000000| PB 0x00000000ac000000| Untracked 
| 705|0x00000000ac100000, 0x00000000ac100000, 0x00000000ac200000|  0%| F|  |TAMS 0x00000000ac100000| PB 0x00000000ac100000| Untracked 
| 706|0x00000000ac200000, 0x00000000ac200000, 0x00000000ac300000|  0%| F|  |TAMS 0x00000000ac200000| PB 0x00000000ac200000| Untracked 
| 707|0x00000000ac300000, 0x00000000ac300000, 0x00000000ac400000|  0%| F|  |TAMS 0x00000000ac300000| PB 0x00000000ac300000| Untracked 
| 708|0x00000000ac400000, 0x00000000ac400000, 0x00000000ac500000|  0%| F|  |TAMS 0x00000000ac400000| PB 0x00000000ac400000| Untracked 
| 709|0x00000000ac500000, 0x00000000ac500000, 0x00000000ac600000|  0%| F|  |TAMS 0x00000000ac500000| PB 0x00000000ac500000| Untracked 
| 710|0x00000000ac600000, 0x00000000ac600000, 0x00000000ac700000|  0%| F|  |TAMS 0x00000000ac600000| PB 0x00000000ac600000| Untracked 
| 711|0x00000000ac700000, 0x00000000ac700000, 0x00000000ac800000|  0%| F|  |TAMS 0x00000000ac700000| PB 0x00000000ac700000| Untracked 
| 712|0x00000000ac800000, 0x00000000ac8ff870, 0x00000000ac900000| 99%| E|  |TAMS 0x00000000ac800000| PB 0x00000000ac800000| Complete 
| 713|0x00000000ac900000, 0x00000000aca00000, 0x00000000aca00000|100%| E|CS|TAMS 0x00000000ac900000| PB 0x00000000ac900000| Complete 
| 714|0x00000000aca00000, 0x00000000acb00000, 0x00000000acb00000|100%| E|CS|TAMS 0x00000000aca00000| PB 0x00000000aca00000| Complete 
| 715|0x00000000acb00000, 0x00000000acc00000, 0x00000000acc00000|100%| E|CS|TAMS 0x00000000acb00000| PB 0x00000000acb00000| Complete 
| 716|0x00000000acc00000, 0x00000000acd00000, 0x00000000acd00000|100%| E|CS|TAMS 0x00000000acc00000| PB 0x00000000acc00000| Complete 
| 717|0x00000000acd00000, 0x00000000ace00000, 0x00000000ace00000|100%| E|CS|TAMS 0x00000000acd00000| PB 0x00000000acd00000| Complete 
| 718|0x00000000ace00000, 0x00000000acf00000, 0x00000000acf00000|100%| E|CS|TAMS 0x00000000ace00000| PB 0x00000000ace00000| Complete 
| 719|0x00000000acf00000, 0x00000000ad000000, 0x00000000ad000000|100%| E|CS|TAMS 0x00000000acf00000| PB 0x00000000acf00000| Complete 
| 720|0x00000000ad000000, 0x00000000ad100000, 0x00000000ad100000|100%| E|CS|TAMS 0x00000000ad000000| PB 0x00000000ad000000| Complete 
| 721|0x00000000ad100000, 0x00000000ad200000, 0x00000000ad200000|100%| E|CS|TAMS 0x00000000ad100000| PB 0x00000000ad100000| Complete 
| 722|0x00000000ad200000, 0x00000000ad300000, 0x00000000ad300000|100%| E|CS|TAMS 0x00000000ad200000| PB 0x00000000ad200000| Complete 
| 723|0x00000000ad300000, 0x00000000ad400000, 0x00000000ad400000|100%| E|CS|TAMS 0x00000000ad300000| PB 0x00000000ad300000| Complete 
| 724|0x00000000ad400000, 0x00000000ad500000, 0x00000000ad500000|100%| E|CS|TAMS 0x00000000ad400000| PB 0x00000000ad400000| Complete 
| 725|0x00000000ad500000, 0x00000000ad600000, 0x00000000ad600000|100%| E|CS|TAMS 0x00000000ad500000| PB 0x00000000ad500000| Complete 
| 726|0x00000000ad600000, 0x00000000ad700000, 0x00000000ad700000|100%| E|CS|TAMS 0x00000000ad600000| PB 0x00000000ad600000| Complete 
| 727|0x00000000ad700000, 0x00000000ad800000, 0x00000000ad800000|100%| E|CS|TAMS 0x00000000ad700000| PB 0x00000000ad700000| Complete 
| 728|0x00000000ad800000, 0x00000000ad900000, 0x00000000ad900000|100%| E|CS|TAMS 0x00000000ad800000| PB 0x00000000ad800000| Complete 
| 729|0x00000000ad900000, 0x00000000ada00000, 0x00000000ada00000|100%| E|CS|TAMS 0x00000000ad900000| PB 0x00000000ad900000| Complete 
| 730|0x00000000ada00000, 0x00000000adb00000, 0x00000000adb00000|100%| E|CS|TAMS 0x00000000ada00000| PB 0x00000000ada00000| Complete 
| 731|0x00000000adb00000, 0x00000000adc00000, 0x00000000adc00000|100%| E|CS|TAMS 0x00000000adb00000| PB 0x00000000adb00000| Complete 
| 732|0x00000000adc00000, 0x00000000add00000, 0x00000000add00000|100%| E|CS|TAMS 0x00000000adc00000| PB 0x00000000adc00000| Complete 
| 733|0x00000000add00000, 0x00000000ade00000, 0x00000000ade00000|100%| E|CS|TAMS 0x00000000add00000| PB 0x00000000add00000| Complete 
| 734|0x00000000ade00000, 0x00000000adf00000, 0x00000000adf00000|100%| E|CS|TAMS 0x00000000ade00000| PB 0x00000000ade00000| Complete 
| 735|0x00000000adf00000, 0x00000000ae000000, 0x00000000ae000000|100%| E|CS|TAMS 0x00000000adf00000| PB 0x00000000adf00000| Complete 
| 736|0x00000000ae000000, 0x00000000ae100000, 0x00000000ae100000|100%| E|CS|TAMS 0x00000000ae000000| PB 0x00000000ae000000| Complete 
| 737|0x00000000ae100000, 0x00000000ae200000, 0x00000000ae200000|100%| E|CS|TAMS 0x00000000ae100000| PB 0x00000000ae100000| Complete 
| 738|0x00000000ae200000, 0x00000000ae300000, 0x00000000ae300000|100%| E|CS|TAMS 0x00000000ae200000| PB 0x00000000ae200000| Complete 
| 739|0x00000000ae300000, 0x00000000ae400000, 0x00000000ae400000|100%| E|CS|TAMS 0x00000000ae300000| PB 0x00000000ae300000| Complete 
| 740|0x00000000ae400000, 0x00000000ae500000, 0x00000000ae500000|100%| E|CS|TAMS 0x00000000ae400000| PB 0x00000000ae400000| Complete 
| 741|0x00000000ae500000, 0x00000000ae600000, 0x00000000ae600000|100%| E|CS|TAMS 0x00000000ae500000| PB 0x00000000ae500000| Complete 
| 742|0x00000000ae600000, 0x00000000ae700000, 0x00000000ae700000|100%| E|CS|TAMS 0x00000000ae600000| PB 0x00000000ae600000| Complete 
| 743|0x00000000ae700000, 0x00000000ae800000, 0x00000000ae800000|100%| E|CS|TAMS 0x00000000ae700000| PB 0x00000000ae700000| Complete 
| 744|0x00000000ae800000, 0x00000000ae900000, 0x00000000ae900000|100%| E|  |TAMS 0x00000000ae800000| PB 0x00000000ae800000| Complete 
|1973|0x00000000fb500000, 0x00000000fb600000, 0x00000000fb600000|100%| O|  |TAMS 0x00000000fb600000| PB 0x00000000fb600000| Updating 
|1974|0x00000000fb600000, 0x00000000fb700000, 0x00000000fb700000|100%| E|CS|TAMS 0x00000000fb600000| PB 0x00000000fb600000| Complete 
|1975|0x00000000fb700000, 0x00000000fb800000, 0x00000000fb800000|100%| E|CS|TAMS 0x00000000fb700000| PB 0x00000000fb700000| Complete 
|1976|0x00000000fb800000, 0x00000000fb900000, 0x00000000fb900000|100%| O|  |TAMS 0x00000000fb900000| PB 0x00000000fb900000| Updating 
|1977|0x00000000fb900000, 0x00000000fba00000, 0x00000000fba00000|100%| E|CS|TAMS 0x00000000fb900000| PB 0x00000000fb900000| Complete 
|1978|0x00000000fba00000, 0x00000000fbb00000, 0x00000000fbb00000|100%| O|  |TAMS 0x00000000fbb00000| PB 0x00000000fbb00000| Updating 
|1979|0x00000000fbb00000, 0x00000000fbc00000, 0x00000000fbc00000|100%| O|  |TAMS 0x00000000fbc00000| PB 0x00000000fbc00000| Untracked 
|1980|0x00000000fbc00000, 0x00000000fbd00000, 0x00000000fbd00000|100%| O|  |TAMS 0x00000000fbd00000| PB 0x00000000fbd00000| Untracked 
|1981|0x00000000fbd00000, 0x00000000fbe00000, 0x00000000fbe00000|100%| O|  |TAMS 0x00000000fbe00000| PB 0x00000000fbe00000| Untracked 
|1982|0x00000000fbe00000, 0x00000000fbf00000, 0x00000000fbf00000|100%| O|  |TAMS 0x00000000fbf00000| PB 0x00000000fbf00000| Untracked 
|1983|0x00000000fbf00000, 0x00000000fc000000, 0x00000000fc000000|100%| O|  |TAMS 0x00000000fc000000| PB 0x00000000fc000000| Untracked 
|1984|0x00000000fc000000, 0x00000000fc100000, 0x00000000fc100000|100%| O|  |TAMS 0x00000000fc100000| PB 0x00000000fc100000| Untracked 
|1985|0x00000000fc100000, 0x00000000fc200000, 0x00000000fc200000|100%| O|  |TAMS 0x00000000fc200000| PB 0x00000000fc200000| Untracked 
|1986|0x00000000fc200000, 0x00000000fc300000, 0x00000000fc300000|100%| O|  |TAMS 0x00000000fc300000| PB 0x00000000fc300000| Untracked 
|1987|0x00000000fc300000, 0x00000000fc400000, 0x00000000fc400000|100%| O|  |TAMS 0x00000000fc400000| PB 0x00000000fc400000| Untracked 
|1988|0x00000000fc400000, 0x00000000fc500000, 0x00000000fc500000|100%| O|  |TAMS 0x00000000fc500000| PB 0x00000000fc500000| Untracked 
|1989|0x00000000fc500000, 0x00000000fc600000, 0x00000000fc600000|100%| O|  |TAMS 0x00000000fc600000| PB 0x00000000fc600000| Untracked 
|1990|0x00000000fc600000, 0x00000000fc700000, 0x00000000fc700000|100%| O|  |TAMS 0x00000000fc700000| PB 0x00000000fc700000| Updating 
|1991|0x00000000fc700000, 0x00000000fc800000, 0x00000000fc800000|100%| O|  |TAMS 0x00000000fc800000| PB 0x00000000fc800000| Untracked 
|1992|0x00000000fc800000, 0x00000000fc900000, 0x00000000fc900000|100%| O|  |TAMS 0x00000000fc900000| PB 0x00000000fc900000| Untracked 
|1993|0x00000000fc900000, 0x00000000fca00000, 0x00000000fca00000|100%| O|  |TAMS 0x00000000fca00000| PB 0x00000000fca00000| Untracked 
|1994|0x00000000fca00000, 0x00000000fcb00000, 0x00000000fcb00000|100%| O|  |TAMS 0x00000000fcb00000| PB 0x00000000fcb00000| Untracked 
|1995|0x00000000fcb00000, 0x00000000fcc00000, 0x00000000fcc00000|100%| O|  |TAMS 0x00000000fcc00000| PB 0x00000000fcc00000| Untracked 
|1996|0x00000000fcc00000, 0x00000000fcd00000, 0x00000000fcd00000|100%| O|  |TAMS 0x00000000fcd00000| PB 0x00000000fcd00000| Untracked 
|1997|0x00000000fcd00000, 0x00000000fce00000, 0x00000000fce00000|100%| O|  |TAMS 0x00000000fce00000| PB 0x00000000fce00000| Untracked 
|1998|0x00000000fce00000, 0x00000000fcf00000, 0x00000000fcf00000|100%| O|  |TAMS 0x00000000fcf00000| PB 0x00000000fcf00000| Untracked 
|1999|0x00000000fcf00000, 0x00000000fd000000, 0x00000000fd000000|100%| O|  |TAMS 0x00000000fd000000| PB 0x00000000fd000000| Untracked 
|2000|0x00000000fd000000, 0x00000000fd100000, 0x00000000fd100000|100%| O|  |TAMS 0x00000000fd100000| PB 0x00000000fd100000| Untracked 
|2001|0x00000000fd100000, 0x00000000fd200000, 0x00000000fd200000|100%| O|  |TAMS 0x00000000fd200000| PB 0x00000000fd200000| Untracked 
|2002|0x00000000fd200000, 0x00000000fd300000, 0x00000000fd300000|100%| O|  |TAMS 0x00000000fd300000| PB 0x00000000fd300000| Untracked 
|2003|0x00000000fd300000, 0x00000000fd400000, 0x00000000fd400000|100%| O|  |TAMS 0x00000000fd400000| PB 0x00000000fd400000| Untracked 
|2004|0x00000000fd400000, 0x00000000fd500000, 0x00000000fd500000|100%| O|  |TAMS 0x00000000fd500000| PB 0x00000000fd500000| Updating 
|2005|0x00000000fd500000, 0x00000000fd600000, 0x00000000fd600000|100%| O|  |TAMS 0x00000000fd600000| PB 0x00000000fd600000| Updating 
|2006|0x00000000fd600000, 0x00000000fd700000, 0x00000000fd700000|100%| E|CS|TAMS 0x00000000fd600000| PB 0x00000000fd600000| Complete 
|2007|0x00000000fd700000, 0x00000000fd800000, 0x00000000fd800000|100%| O|  |TAMS 0x00000000fd800000| PB 0x00000000fd800000| Untracked 
|2008|0x00000000fd800000, 0x00000000fd900000, 0x00000000fd900000|100%| O|  |TAMS 0x00000000fd900000| PB 0x00000000fd900000| Untracked 
|2009|0x00000000fd900000, 0x00000000fda00000, 0x00000000fda00000|100%| O|  |TAMS 0x00000000fda00000| PB 0x00000000fda00000| Untracked 
|2010|0x00000000fda00000, 0x00000000fdb00000, 0x00000000fdb00000|100%| O|  |TAMS 0x00000000fdb00000| PB 0x00000000fdb00000| Untracked 
|2011|0x00000000fdb00000, 0x00000000fdc00000, 0x00000000fdc00000|100%| O|  |TAMS 0x00000000fdc00000| PB 0x00000000fdc00000| Untracked 
|2012|0x00000000fdc00000, 0x00000000fdd00000, 0x00000000fdd00000|100%| O|  |TAMS 0x00000000fdd00000| PB 0x00000000fdd00000| Untracked 
|2013|0x00000000fdd00000, 0x00000000fde00000, 0x00000000fde00000|100%| O|  |TAMS 0x00000000fde00000| PB 0x00000000fde00000| Updating 
|2014|0x00000000fde00000, 0x00000000fdf00000, 0x00000000fdf00000|100%| O|  |TAMS 0x00000000fdf00000| PB 0x00000000fdf00000| Updating 
|2015|0x00000000fdf00000, 0x00000000fe000000, 0x00000000fe000000|100%| O|  |TAMS 0x00000000fe000000| PB 0x00000000fe000000| Untracked 
|2016|0x00000000fe000000, 0x00000000fe100000, 0x00000000fe100000|100%| E|CS|TAMS 0x00000000fe000000| PB 0x00000000fe000000| Complete 
|2017|0x00000000fe100000, 0x00000000fe200000, 0x00000000fe200000|100%| E|CS|TAMS 0x00000000fe100000| PB 0x00000000fe100000| Complete 
|2018|0x00000000fe200000, 0x00000000fe300000, 0x00000000fe300000|100%| E|CS|TAMS 0x00000000fe200000| PB 0x00000000fe200000| Complete 
|2019|0x00000000fe300000, 0x00000000fe400000, 0x00000000fe400000|100%| O|  |TAMS 0x00000000fe400000| PB 0x00000000fe400000| Untracked 
|2020|0x00000000fe400000, 0x00000000fe500000, 0x00000000fe500000|100%| E|CS|TAMS 0x00000000fe400000| PB 0x00000000fe400000| Complete 
|2021|0x00000000fe500000, 0x00000000fe600000, 0x00000000fe600000|100%| E|CS|TAMS 0x00000000fe500000| PB 0x00000000fe500000| Complete 
|2022|0x00000000fe600000, 0x00000000fe700000, 0x00000000fe700000|100%| E|CS|TAMS 0x00000000fe600000| PB 0x00000000fe600000| Complete 
|2023|0x00000000fe700000, 0x00000000fe800000, 0x00000000fe800000|100%| E|CS|TAMS 0x00000000fe700000| PB 0x00000000fe700000| Complete 
|2024|0x00000000fe800000, 0x00000000fe900000, 0x00000000fe900000|100%| E|CS|TAMS 0x00000000fe800000| PB 0x00000000fe800000| Complete 
|2025|0x00000000fe900000, 0x00000000fea00000, 0x00000000fea00000|100%| O|  |TAMS 0x00000000fea00000| PB 0x00000000fea00000| Untracked 
|2026|0x00000000fea00000, 0x00000000feb00000, 0x00000000feb00000|100%| E|CS|TAMS 0x00000000fea00000| PB 0x00000000fea00000| Complete 
|2027|0x00000000feb00000, 0x00000000fec00000, 0x00000000fec00000|100%| E|CS|TAMS 0x00000000feb00000| PB 0x00000000feb00000| Complete 
|2028|0x00000000fec00000, 0x00000000fed00000, 0x00000000fed00000|100%| E|CS|TAMS 0x00000000fec00000| PB 0x00000000fec00000| Complete 
|2029|0x00000000fed00000, 0x00000000fee00000, 0x00000000fee00000|100%| E|CS|TAMS 0x00000000fed00000| PB 0x00000000fed00000| Complete 
|2030|0x00000000fee00000, 0x00000000fef00000, 0x00000000fef00000|100%| E|CS|TAMS 0x00000000fee00000| PB 0x00000000fee00000| Complete 
|2031|0x00000000fef00000, 0x00000000ff000000, 0x00000000ff000000|100%| E|CS|TAMS 0x00000000fef00000| PB 0x00000000fef00000| Complete 
|2032|0x00000000ff000000, 0x00000000ff100000, 0x00000000ff100000|100%| E|CS|TAMS 0x00000000ff000000| PB 0x00000000ff000000| Complete 
|2033|0x00000000ff100000, 0x00000000ff200000, 0x00000000ff200000|100%| E|CS|TAMS 0x00000000ff100000| PB 0x00000000ff100000| Complete 
|2034|0x00000000ff200000, 0x00000000ff300000, 0x00000000ff300000|100%| E|CS|TAMS 0x00000000ff200000| PB 0x00000000ff200000| Complete 
|2035|0x00000000ff300000, 0x00000000ff400000, 0x00000000ff400000|100%| E|CS|TAMS 0x00000000ff300000| PB 0x00000000ff300000| Complete 
|2036|0x00000000ff400000, 0x00000000ff500000, 0x00000000ff500000|100%| E|CS|TAMS 0x00000000ff400000| PB 0x00000000ff400000| Complete 
|2037|0x00000000ff500000, 0x00000000ff600000, 0x00000000ff600000|100%| O|  |TAMS 0x00000000ff600000| PB 0x00000000ff600000| Updating 
|2038|0x00000000ff600000, 0x00000000ff700000, 0x00000000ff700000|100%| E|CS|TAMS 0x00000000ff600000| PB 0x00000000ff600000| Complete 
|2039|0x00000000ff700000, 0x00000000ff800000, 0x00000000ff800000|100%| E|CS|TAMS 0x00000000ff700000| PB 0x00000000ff700000| Complete 
|2040|0x00000000ff800000, 0x00000000ff900000, 0x00000000ff900000|100%| E|CS|TAMS 0x00000000ff800000| PB 0x00000000ff800000| Complete 
|2041|0x00000000ff900000, 0x00000000ffa00000, 0x00000000ffa00000|100%| E|CS|TAMS 0x00000000ff900000| PB 0x00000000ff900000| Complete 
|2042|0x00000000ffa00000, 0x00000000ffb00000, 0x00000000ffb00000|100%| E|CS|TAMS 0x00000000ffa00000| PB 0x00000000ffa00000| Complete 
|2043|0x00000000ffb00000, 0x00000000ffc00000, 0x00000000ffc00000|100%| E|CS|TAMS 0x00000000ffb00000| PB 0x00000000ffb00000| Complete 
|2044|0x00000000ffc00000, 0x00000000ffd00000, 0x00000000ffd00000|100%| O|  |TAMS 0x00000000ffd00000| PB 0x00000000ffd00000| Updating 
|2045|0x00000000ffd00000, 0x00000000ffe00000, 0x00000000ffe00000|100%| E|CS|TAMS 0x00000000ffd00000| PB 0x00000000ffd00000| Complete 
|2046|0x00000000ffe00000, 0x00000000fff00000, 0x00000000fff00000|100%| E|CS|TAMS 0x00000000ffe00000| PB 0x00000000ffe00000| Complete 
|2047|0x00000000fff00000, 0x0000000100000000, 0x0000000100000000|100%| O|  |TAMS 0x0000000100000000| PB 0x0000000100000000| Updating 

Card table byte_map: [0x00000224f6570000,0x00000224f6970000] _byte_map_base: 0x00000224f6170000

Marking Bits: (CMBitMap*) 0x00000224e37f4c70
 Bits: [0x00000224f6970000, 0x00000224f8970000)

Polling page: 0x00000224e1660000

Metaspace:

Usage:
  Non-class:    217.16 MB used.
      Class:     30.76 MB used.
       Both:    247.92 MB used.

Virtual space:
  Non-class space:      256.00 MB reserved,     218.75 MB ( 85%) committed,  4 nodes.
      Class space:        1.00 GB reserved,      32.38 MB (  3%) committed,  1 nodes.
             Both:        1.25 GB reserved,     251.12 MB ( 20%) committed. 

Chunk freelists:
   Non-Class:  4.83 MB
       Class:  15.66 MB
        Both:  20.48 MB

MaxMetaspaceSize: unlimited
CompressedClassSpaceSize: 1.00 GB
Initial GC threshold: 21.00 MB
Current GC threshold: 402.50 MB
CDS: off
 - commit_granule_bytes: 65536.
 - commit_granule_words: 8192.
 - virtual_space_node_default_size: 8388608.
 - enlarge_chunks_in_place: 1.
 - use_allocation_guard: 0.


Internal statistics:

num_allocs_failed_limit: 9.
num_arena_births: 6432.
num_arena_deaths: 2.
num_vsnodes_births: 5.
num_vsnodes_deaths: 0.
num_space_committed: 4012.
num_space_uncommitted: 0.
num_chunks_returned_to_freelist: 12.
num_chunks_taken_from_freelist: 17141.
num_chunk_merges: 6.
num_chunk_splits: 11763.
num_chunks_enlarged: 8075.
num_inconsistent_stats: 0.

CodeHeap 'non-profiled nmethods': size=119168Kb used=20367Kb max_used=23062Kb free=98800Kb
 bounds [0x00000224ee490000, 0x00000224efb20000, 0x00000224f58f0000]
CodeHeap 'profiled nmethods': size=119104Kb used=32862Kb max_used=54348Kb free=86241Kb
 bounds [0x00000224e68f0000, 0x00000224e9e10000, 0x00000224edd40000]
CodeHeap 'non-nmethods': size=7488Kb used=5082Kb max_used=5158Kb free=2405Kb
 bounds [0x00000224edd40000, 0x00000224ee260000, 0x00000224ee490000]
 total_blobs=19789 nmethods=18432 adapters=1253
 compilation: enabled
              stopped_count=0, restarted_count=0
 full_count=0

Compilation events (20 events):
Event: 373.572 Thread 0x00000224fba997c0 47460       4       java.util.function.Predicate$$Lambda/0x000000010026b5b8::test (15 bytes)
Event: 373.580 Thread 0x0000022494b0f720 47491       1       com.android.build.gradle.internal.tasks.MergeJavaResourcesDelegate::access$getPackagingOptions$p (5 bytes)
Event: 373.580 Thread 0x0000022494b0f720 nmethod 47491 0x00000224eeac1810 code [0x00000224eeac19a0, 0x00000224eeac1a50]
Event: 373.580 Thread 0x00000224fbaaa480 47493       3       com.android.build.gradle.internal.packaging.ParsedPackagingOptions$getAction$2::invoke (9 bytes)
Event: 373.580 Thread 0x0000022494b12da0 47494       3       com.android.build.gradle.internal.packaging.ParsedPackagingOptions$getAction$2::invoke (14 bytes)
Event: 373.581 Thread 0x0000022494b12da0 nmethod 47494 0x00000224e9786490 code [0x00000224e9786660, 0x00000224e9786908]
Event: 373.581 Thread 0x00000224fbaaa480 nmethod 47493 0x00000224e7c7e510 code [0x00000224e7c7e6e0, 0x00000224e7c7eae8]
Event: 373.582 Thread 0x00000224fbaaa480 47498       3       com.android.build.gradle.internal.matcher.FileNameWithPrefixPathMatcher::matches (37 bytes)
Event: 373.583 Thread 0x00000224fbaaa480 nmethod 47498 0x00000224e7c7dd90 code [0x00000224e7c7df80, 0x00000224e7c7e380]
Event: 373.583 Thread 0x00000224fba997c0 nmethod 47460 0x00000224eec85e90 code [0x00000224eec86080, 0x00000224eec867b0]
Event: 373.583 Thread 0x00000224fba997c0 47492       4       com.android.tools.r8.naming.V$b::a (88 bytes)
Event: 373.584 Thread 0x0000022494b0f720 47499       3       com.android.builder.packaging.PackagingUtils::lambda$getNoCompressPredicateForExtensions$0 (42 bytes)
Event: 373.584 Thread 0x0000022494b0f720 nmethod 47499 0x00000224e7e13d10 code [0x00000224e7e13f20, 0x00000224e7e14470]
Event: 373.586 Thread 0x00000224929bdfe0 nmethod 47441 0x00000224eea32d10 code [0x00000224eea33160, 0x00000224eea358c0]
Event: 373.586 Thread 0x00000224929bdfe0 47487       4       com.android.build.gradle.internal.tasks.MergeJavaResourceTask$Companion$predicate$1::test (91 bytes)
Event: 373.589 Thread 0x00000224929bdfe0 nmethod 47487 0x00000224ee6de510 code [0x00000224ee6de6c0, 0x00000224ee6de8c0]
Event: 373.589 Thread 0x00000224929bdfe0 47479       4       com.android.tools.r8.graph.N2::j0 (47 bytes)
Event: 373.621 Thread 0x00000224929c2ad0 nmethod 47430 0x00000224eef6e890 code [0x00000224eef6edc0, 0x00000224eef71ce0]
Event: 373.621 Thread 0x00000224929c2ad0 47500 %     4       com.android.tools.r8.dex.L::a @ 136 (293 bytes)
Event: 373.626 Thread 0x00000224929bdfe0 nmethod 47479 0x00000224eece2e10 code [0x00000224eece30e0, 0x00000224eece4598]

GC Heap History (20 events):
Event: 367.499 GC heap before
{Heap before GC invocations=82 (full 0):
 garbage-first heap   total 496640K, used 368008K [0x0000000080000000, 0x0000000100000000)
  region size 1024K, 63 young (64512K), 19 survivors (19456K)
 Metaspace       used 225129K, committed 228224K, reserved 1310720K
  class space    used 27557K, committed 29120K, reserved 1048576K
}
Event: 367.507 GC heap after
{Heap after GC invocations=83 (full 0):
 garbage-first heap   total 496640K, used 336265K [0x0000000080000000, 0x0000000100000000)
  region size 1024K, 10 young (10240K), 10 survivors (10240K)
 Metaspace       used 225129K, committed 228224K, reserved 1310720K
  class space    used 27557K, committed 29120K, reserved 1048576K
}
Event: 367.902 GC heap before
{Heap before GC invocations=84 (full 0):
 garbage-first heap   total 582656K, used 457097K [0x0000000080000000, 0x0000000100000000)
  region size 1024K, 117 young (119808K), 10 survivors (10240K)
 Metaspace       used 225823K, committed 228928K, reserved 1310720K
  class space    used 27614K, committed 29184K, reserved 1048576K
}
Event: 367.906 GC heap after
{Heap after GC invocations=85 (full 0):
 garbage-first heap   total 582656K, used 330608K [0x0000000080000000, 0x0000000100000000)
  region size 1024K, 5 young (5120K), 5 survivors (5120K)
 Metaspace       used 225823K, committed 228928K, reserved 1310720K
  class space    used 27614K, committed 29184K, reserved 1048576K
}
Event: 368.784 GC heap before
{Heap before GC invocations=85 (full 0):
 garbage-first heap   total 585728K, used 584560K [0x0000000080000000, 0x0000000100000000)
  region size 1024K, 152 young (155648K), 5 survivors (5120K)
 Metaspace       used 231625K, committed 234752K, reserved 1310720K
  class space    used 28385K, committed 29952K, reserved 1048576K
}
Event: 368.795 GC heap after
{Heap after GC invocations=86 (full 0):
 garbage-first heap   total 615424K, used 382258K [0x0000000080000000, 0x0000000100000000)
  region size 1024K, 18 young (18432K), 18 survivors (18432K)
 Metaspace       used 231625K, committed 234752K, reserved 1310720K
  class space    used 28385K, committed 29952K, reserved 1048576K
}
Event: 368.951 GC heap before
{Heap before GC invocations=86 (full 0):
 garbage-first heap   total 615424K, used 440626K [0x0000000080000000, 0x0000000100000000)
  region size 1024K, 77 young (78848K), 18 survivors (18432K)
 Metaspace       used 231877K, committed 235008K, reserved 1310720K
  class space    used 28413K, committed 30016K, reserved 1048576K
}
Event: 368.960 GC heap after
{Heap after GC invocations=87 (full 0):
 garbage-first heap   total 615424K, used 396083K [0x0000000080000000, 0x0000000100000000)
  region size 1024K, 14 young (14336K), 14 survivors (14336K)
 Metaspace       used 231877K, committed 235008K, reserved 1310720K
  class space    used 28413K, committed 30016K, reserved 1048576K
}
Event: 369.474 GC heap before
{Heap before GC invocations=88 (full 0):
 garbage-first heap   total 669696K, used 557875K [0x0000000080000000, 0x0000000100000000)
  region size 1024K, 165 young (168960K), 14 survivors (14336K)
 Metaspace       used 239211K, committed 242496K, reserved 1310720K
  class space    used 29436K, committed 31104K, reserved 1048576K
}
Event: 369.499 GC heap after
{Heap after GC invocations=89 (full 0):
 garbage-first heap   total 669696K, used 441627K [0x0000000080000000, 0x0000000100000000)
  region size 1024K, 21 young (21504K), 21 survivors (21504K)
 Metaspace       used 239211K, committed 242496K, reserved 1310720K
  class space    used 29436K, committed 31104K, reserved 1048576K
}
Event: 369.719 GC heap before
{Heap before GC invocations=89 (full 0):
 garbage-first heap   total 669696K, used 590107K [0x0000000080000000, 0x0000000100000000)
  region size 1024K, 167 young (171008K), 21 survivors (21504K)
 Metaspace       used 239390K, committed 242624K, reserved 1310720K
  class space    used 29459K, committed 31104K, reserved 1048576K
}
Event: 369.777 GC heap after
{Heap after GC invocations=90 (full 0):
 garbage-first heap   total 702464K, used 515584K [0x0000000080000000, 0x0000000100000000)
  region size 1024K, 21 young (21504K), 21 survivors (21504K)
 Metaspace       used 239390K, committed 242624K, reserved 1310720K
  class space    used 29459K, committed 31104K, reserved 1048576K
}
Event: 370.891 GC heap before
{Heap before GC invocations=90 (full 0):
 garbage-first heap   total 702464K, used 614912K [0x0000000080000000, 0x0000000100000000)
  region size 1024K, 119 young (121856K), 21 survivors (21504K)
 Metaspace       used 243868K, committed 247104K, reserved 1310720K
  class space    used 30084K, committed 31744K, reserved 1048576K
}
Event: 370.915 GC heap after
{Heap after GC invocations=91 (full 0):
 garbage-first heap   total 758784K, used 539648K [0x0000000080000000, 0x0000000100000000)
  region size 1024K, 15 young (15360K), 15 survivors (15360K)
 Metaspace       used 243868K, committed 247104K, reserved 1310720K
  class space    used 30084K, committed 31744K, reserved 1048576K
}
Event: 371.935 GC heap before
{Heap before GC invocations=92 (full 0):
 garbage-first heap   total 839680K, used 623616K [0x0000000080000000, 0x0000000100000000)
  region size 1024K, 131 young (134144K), 15 survivors (15360K)
 Metaspace       used 244690K, committed 247872K, reserved 1310720K
  class space    used 30191K, committed 31808K, reserved 1048576K
}
Event: 371.953 GC heap after
{Heap after GC invocations=93 (full 0):
 garbage-first heap   total 839680K, used 525567K [0x0000000080000000, 0x0000000100000000)
  region size 1024K, 16 young (16384K), 16 survivors (16384K)
 Metaspace       used 244690K, committed 247872K, reserved 1310720K
  class space    used 30191K, committed 31808K, reserved 1048576K
}
Event: 372.933 GC heap before
{Heap before GC invocations=93 (full 0):
 garbage-first heap   total 839680K, used 728319K [0x0000000080000000, 0x0000000100000000)
  region size 1024K, 186 young (190464K), 16 survivors (16384K)
 Metaspace       used 250209K, committed 253440K, reserved 1310720K
  class space    used 31011K, committed 32640K, reserved 1048576K
}
Event: 372.948 GC heap after
{Heap after GC invocations=94 (full 0):
 garbage-first heap   total 839680K, used 547005K [0x0000000080000000, 0x0000000100000000)
  region size 1024K, 17 young (17408K), 17 survivors (17408K)
 Metaspace       used 250209K, committed 253440K, reserved 1310720K
  class space    used 31011K, committed 32640K, reserved 1048576K
}
Event: 373.321 GC heap before
{Heap before GC invocations=94 (full 0):
 garbage-first heap   total 839680K, used 682173K [0x0000000080000000, 0x0000000100000000)
  region size 1024K, 151 young (154624K), 17 survivors (17408K)
 Metaspace       used 253702K, committed 256896K, reserved 1310720K
  class space    used 31468K, committed 33088K, reserved 1048576K
}
Event: 373.333 GC heap after
{Heap after GC invocations=95 (full 0):
 garbage-first heap   total 839680K, used 556486K [0x0000000080000000, 0x0000000100000000)
  region size 1024K, 15 young (15360K), 15 survivors (15360K)
 Metaspace       used 253702K, committed 256896K, reserved 1310720K
  class space    used 31468K, committed 33088K, reserved 1048576K
}

Dll operation events (3 events):
Event: 0.007 Loaded shared library C:\Program Files\Android\Android Studio\jbr\bin\java.dll
Event: 0.011 Loaded shared library C:\Program Files\Android\Android Studio\jbr\bin\zip.dll
Event: 0.353 Loaded shared library C:\Program Files\Android\Android Studio\jbr\bin\verify.dll

Deoptimization events (20 events):
Event: 373.449 Thread 0x00000224968aa350 Uncommon trap: trap_request=0xffffff45 fr.pc=0x00000224eec80154 relative=0x0000000000000094
Event: 373.449 Thread 0x00000224968aa350 Uncommon trap: reason=unstable_if action=reinterpret pc=0x00000224eec80154 method=com.android.tools.r8.internal.ls0.a(Z)Lcom/android/tools/r8/internal/ls0; @ 1 c2
Event: 373.449 Thread 0x00000224968aa350 DEOPT PACKING pc=0x00000224eec80154 sp=0x0000006dfeffe9e0
Event: 373.449 Thread 0x00000224968aa350 DEOPT UNPACKING pc=0x00000224edd946a2 sp=0x0000006dfeffe8b0 mode 2
Event: 373.461 Thread 0x00000224968a61b0 DEOPT PACKING pc=0x00000224e6e596a3 sp=0x0000006dfedfe590
Event: 373.461 Thread 0x00000224968a61b0 DEOPT UNPACKING pc=0x00000224edd94e42 sp=0x0000006dfedfdaa8 mode 0
Event: 373.472 Thread 0x00000224968aa350 DEOPT PACKING pc=0x00000224e7562c01 sp=0x0000006dfeffeaf0
Event: 373.472 Thread 0x00000224968aa350 DEOPT UNPACKING pc=0x00000224edd94e42 sp=0x0000006dfeffdf88 mode 0
Event: 373.523 Thread 0x0000022491018a80 Uncommon trap: trap_request=0xffffff45 fr.pc=0x00000224eed92104 relative=0x0000000000002004
Event: 373.523 Thread 0x0000022491018a80 Uncommon trap: reason=unstable_if action=reinterpret pc=0x00000224eed92104 method=com.android.tools.build.apkzlib.zip.ZipField.verify(Ljava/nio/ByteBuffer;JLcom/android/tools/build/apkzlib/zip/VerifyLog;)V @ 16 c2
Event: 373.523 Thread 0x0000022491018a80 DEOPT PACKING pc=0x00000224eed92104 sp=0x0000006dfd8fdaf0
Event: 373.523 Thread 0x0000022491018a80 DEOPT UNPACKING pc=0x00000224edd946a2 sp=0x0000006dfd8fd9e0 mode 2
Event: 373.524 Thread 0x0000022491018a80 Uncommon trap: trap_request=0xffffff45 fr.pc=0x00000224ef50d988 relative=0x0000000000000368
Event: 373.524 Thread 0x0000022491018a80 Uncommon trap: reason=unstable_if action=reinterpret pc=0x00000224ef50d988 method=com.android.tools.build.apkzlib.zip.ZipField.verify(Ljava/nio/ByteBuffer;JLcom/android/tools/build/apkzlib/zip/VerifyLog;)V @ 16 c2
Event: 373.524 Thread 0x0000022491018a80 DEOPT PACKING pc=0x00000224ef50d988 sp=0x0000006dfd8fda20
Event: 373.524 Thread 0x0000022491018a80 DEOPT UNPACKING pc=0x00000224edd946a2 sp=0x0000006dfd8fd9d8 mode 2
Event: 373.582 Thread 0x0000022491018a80 Uncommon trap: trap_request=0xffffff45 fr.pc=0x00000224eed154f8 relative=0x0000000000000498
Event: 373.582 Thread 0x0000022491018a80 Uncommon trap: reason=unstable_if action=reinterpret pc=0x00000224eed154f8 method=com.android.builder.files.RelativeFile.equals(Ljava/lang/Object;)Z @ 39 c2
Event: 373.582 Thread 0x0000022491018a80 DEOPT PACKING pc=0x00000224eed154f8 sp=0x0000006dfd8fdf30
Event: 373.582 Thread 0x0000022491018a80 DEOPT UNPACKING pc=0x00000224edd946a2 sp=0x0000006dfd8fdee8 mode 2

Classes loaded (20 events):
Event: 372.972 Loading class java/util/SortedSet$1
Event: 372.972 Loading class java/util/SortedSet$1 done
Event: 372.980 Loading class java/util/stream/SliceOps
Event: 372.980 Loading class java/util/stream/SliceOps done
Event: 372.981 Loading class java/util/stream/SliceOps$1
Event: 372.981 Loading class java/util/stream/SliceOps$1 done
Event: 372.986 Loading class java/util/stream/SliceOps$1$1
Event: 372.986 Loading class java/util/stream/SliceOps$1$1 done
Event: 372.987 Loading class java/util/PriorityQueue
Event: 372.988 Loading class java/util/PriorityQueue done
Event: 373.101 Loading class java/nio/ByteBufferAsShortBufferL
Event: 373.104 Loading class java/nio/ByteBufferAsShortBufferL done
Event: 373.147 Loading class java/util/zip/Adler32
Event: 373.148 Loading class java/util/zip/Adler32 done
Event: 373.161 Loading class java/nio/file/Path$1
Event: 373.161 Loading class java/nio/file/Path$1 done
Event: 373.168 Loading class java/util/zip/ZipOutputStream$XEntry
Event: 373.168 Loading class java/util/zip/ZipOutputStream$XEntry done
Event: 373.613 Loading class sun/nio/cs/US_ASCII$Encoder
Event: 373.614 Loading class sun/nio/cs/US_ASCII$Encoder done

Classes unloaded (1 events):
Event: 371.134 Thread 0x00000224fad836f0 Unloading class 0x0000000101da0400 'java/lang/invoke/LambdaForm$DMH+0x0000000101da0400'

Classes redefined (0 events):
No events

Internal exceptions (20 events):
Event: 373.034 Thread 0x00000224923562f0 Exception <a 'java/lang/NoSuchMethodError'{0x00000000fb6d1718}: 'void java.lang.invoke.DirectMethodHandle$Holder.invokeVirtual(java.lang.Object, java.lang.Object, int)'> (0x00000000fb6d1718) 
thrown [s\src\hotspot\share\interpreter\linkResolver.cpp, line 784]
Event: 373.038 Thread 0x0000022492353500 Implicit null exception at 0x00000224ef9a7c5a to 0x00000224ef9a8566
Event: 373.101 Thread 0x0000022492349e10 Implicit null exception at 0x00000224ef21293d to 0x00000224ef213078
Event: 373.161 Thread 0x0000022492353500 Exception <a 'sun/nio/fs/WindowsException'{0x00000000abc8f998}> (0x00000000abc8f998) 
thrown [s\src\hotspot\share\prims\jni.cpp, line 535]
Event: 373.161 Thread 0x0000022492353500 Exception <a 'sun/nio/fs/WindowsException'{0x00000000ab733c08}> (0x00000000ab733c08) 
thrown [s\src\hotspot\share\prims\jni.cpp, line 535]
Event: 373.161 Thread 0x0000022492353500 Exception <a 'sun/nio/fs/WindowsException'{0x00000000ab7346c0}> (0x00000000ab7346c0) 
thrown [s\src\hotspot\share\prims\jni.cpp, line 535]
Event: 373.161 Thread 0x0000022492353500 Exception <a 'sun/nio/fs/WindowsException'{0x00000000ab735148}> (0x00000000ab735148) 
thrown [s\src\hotspot\share\prims\jni.cpp, line 535]
Event: 373.161 Thread 0x0000022492353500 Exception <a 'sun/nio/fs/WindowsException'{0x00000000ab735bb8}> (0x00000000ab735bb8) 
thrown [s\src\hotspot\share\prims\jni.cpp, line 535]
Event: 373.163 Thread 0x00000224923555d0 Exception <a 'sun/nio/fs/WindowsException'{0x00000000abbdc5b8}> (0x00000000abbdc5b8) 
thrown [s\src\hotspot\share\prims\jni.cpp, line 535]
Event: 373.163 Thread 0x00000224923555d0 Exception <a 'sun/nio/fs/WindowsException'{0x00000000abbdd078}> (0x00000000abbdd078) 
thrown [s\src\hotspot\share\prims\jni.cpp, line 535]
Event: 373.163 Thread 0x00000224923555d0 Exception <a 'sun/nio/fs/WindowsException'{0x00000000abbddb30}> (0x00000000abbddb30) 
thrown [s\src\hotspot\share\prims\jni.cpp, line 535]
Event: 373.164 Thread 0x00000224923555d0 Exception <a 'sun/nio/fs/WindowsException'{0x00000000abbdfc60}> (0x00000000abbdfc60) 
thrown [s\src\hotspot\share\prims\jni.cpp, line 535]
Event: 373.165 Thread 0x00000224923555d0 Exception <a 'sun/nio/fs/WindowsException'{0x00000000abbe0900}> (0x00000000abbe0900) 
thrown [s\src\hotspot\share\prims\jni.cpp, line 535]
Event: 373.166 Thread 0x00000224923555d0 Exception <a 'sun/nio/fs/WindowsException'{0x00000000abbe15b8}> (0x00000000abbe15b8) 
thrown [s\src\hotspot\share\prims\jni.cpp, line 535]
Event: 373.189 Thread 0x00000224923562f0 Exception <a 'sun/nio/fs/WindowsException'{0x00000000aaea9bb8}> (0x00000000aaea9bb8) 
thrown [s\src\hotspot\share\prims\jni.cpp, line 535]
Event: 373.228 Thread 0x0000022492357010 Exception <a 'sun/nio/fs/WindowsException'{0x00000000aa1075f0}> (0x00000000aa1075f0) 
thrown [s\src\hotspot\share\prims\jni.cpp, line 535]
Event: 373.241 Thread 0x00000224934d1e40 Exception <a 'sun/nio/fs/WindowsException'{0x00000000a9e3ce88}> (0x00000000a9e3ce88) 
thrown [s\src\hotspot\share\prims\jni.cpp, line 535]
Event: 373.280 Thread 0x00000224923562f0 Exception <a 'sun/nio/fs/WindowsException'{0x00000000a91239f8}> (0x00000000a91239f8) 
thrown [s\src\hotspot\share\prims\jni.cpp, line 535]
Event: 373.285 Thread 0x0000022492352150 Exception <a 'sun/nio/fs/WindowsException'{0x00000000a8eb23c0}> (0x00000000a8eb23c0) 
thrown [s\src\hotspot\share\prims\jni.cpp, line 535]
Event: 373.307 Thread 0x0000022492351ac0 Exception <a 'sun/nio/fs/WindowsException'{0x00000000a85470f8}> (0x00000000a85470f8) 
thrown [s\src\hotspot\share\prims\jni.cpp, line 535]

ZGC Phase Switch (0 events):
No events

VM Operations (20 events):
Event: 373.134 Executing VM operation: HandshakeAllThreads (Deoptimize) done
Event: 373.134 Executing VM operation: ICBufferFull
Event: 373.134 Executing VM operation: ICBufferFull done
Event: 373.134 Executing VM operation: ICBufferFull
Event: 373.134 Executing VM operation: ICBufferFull done
Event: 373.156 Executing VM operation: HandshakeAllThreads (Deoptimize)
Event: 373.156 Executing VM operation: HandshakeAllThreads (Deoptimize) done
Event: 373.192 Executing VM operation: ICBufferFull
Event: 373.192 Executing VM operation: ICBufferFull done
Event: 373.218 Executing VM operation: HandshakeAllThreads (Deoptimize)
Event: 373.219 Executing VM operation: HandshakeAllThreads (Deoptimize) done
Event: 373.277 Executing VM operation: ICBufferFull
Event: 373.278 Executing VM operation: ICBufferFull done
Event: 373.321 Executing VM operation: G1TryInitiateConcMark (G1 Humongous Allocation)
Event: 373.333 Executing VM operation: G1TryInitiateConcMark (G1 Humongous Allocation) done
Event: 373.597 Executing VM operation: HandshakeAllThreads (Deoptimize)
Event: 373.597 Executing VM operation: HandshakeAllThreads (Deoptimize) done
Event: 373.608 Executing VM operation: HandshakeAllThreads (Deoptimize)
Event: 373.609 Executing VM operation: HandshakeAllThreads (Deoptimize) done
Event: 373.626 Executing VM operation: G1PauseRemark

Memory protections (0 events):
No events

Nmethod flushes (20 events):
Event: 373.634 Thread 0x00000224fad836f0 flushing  nmethod 0x00000224e7e2d790
Event: 373.634 Thread 0x00000224fad836f0 flushing  nmethod 0x00000224e7f2fd10
Event: 373.634 Thread 0x00000224fad836f0 flushing  nmethod 0x00000224e8036610
Event: 373.634 Thread 0x00000224fad836f0 flushing  nmethod 0x00000224e8131290
Event: 373.634 Thread 0x00000224fad836f0 flushing  nmethod 0x00000224e8131790
Event: 373.634 Thread 0x00000224fad836f0 flushing  nmethod 0x00000224e8132e90
Event: 373.634 Thread 0x00000224fad836f0 flushing  nmethod 0x00000224e827ac10
Event: 373.634 Thread 0x00000224fad836f0 flushing  nmethod 0x00000224e827f310
Event: 373.634 Thread 0x00000224fad836f0 flushing  nmethod 0x00000224e8582710
Event: 373.634 Thread 0x00000224fad836f0 flushing  nmethod 0x00000224e85a7690
Event: 373.634 Thread 0x00000224fad836f0 flushing  nmethod 0x00000224e88ca410
Event: 373.634 Thread 0x00000224fad836f0 flushing  nmethod 0x00000224e8ef5310
Event: 373.634 Thread 0x00000224fad836f0 flushing  nmethod 0x00000224e8fdf410
Event: 373.634 Thread 0x00000224fad836f0 flushing  nmethod 0x00000224e9032590
Event: 373.634 Thread 0x00000224fad836f0 flushing  nmethod 0x00000224e9033990
Event: 373.634 Thread 0x00000224fad836f0 flushing  nmethod 0x00000224e9034310
Event: 373.634 Thread 0x00000224fad836f0 flushing  nmethod 0x00000224e9166d10
Event: 373.634 Thread 0x00000224fad836f0 flushing  nmethod 0x00000224e93de890
Event: 373.634 Thread 0x00000224fad836f0 flushing  nmethod 0x00000224e9473a90
Event: 373.634 Thread 0x00000224fad836f0 flushing  nmethod 0x00000224e947bf90

Events (20 events):
Event: 369.272 Thread 0x00000224968aa350 Thread added: 0x00000224968abd90
Event: 369.394 Thread 0x0000022492353b90 Thread added: 0x00000224968ae4f0
Event: 369.401 Thread 0x0000022492353b90 Thread added: 0x00000224968ab070
Event: 369.402 Loaded shared library C:\Program Files\Android\Android Studio\jbr\bin\rmi.dll
Event: 369.404 Thread 0x0000022492353b90 Thread added: 0x00000224968aeb80
Event: 369.441 Thread 0x0000022494b0f050 Thread added: 0x00000224929c01f0
Event: 369.512 Thread 0x0000022492353b90 Thread added: 0x0000022496894780
Event: 369.512 Thread 0x0000022492353b90 Thread added: 0x0000022496891990
Event: 369.534 Thread 0x0000022496894780 Thread added: 0x0000022496892d40
Event: 370.328 Thread 0x0000022492352e70 Thread exited: 0x0000022492352e70
Event: 370.391 Thread 0x00000224929c01f0 Thread exited: 0x00000224929c01f0
Event: 370.391 Thread 0x0000022494b11930 Thread exited: 0x0000022494b11930
Event: 370.415 Thread 0x0000022494d304f0 Thread exited: 0x0000022494d304f0
Event: 371.097 Thread 0x0000022494d2fe20 Thread exited: 0x0000022494d2fe20
Event: 371.097 Thread 0x0000022494d2f750 Thread exited: 0x0000022494d2f750
Event: 371.499 Thread 0x0000022494b0f050 Thread added: 0x00000224929bdfe0
Event: 371.499 Thread 0x0000022494b0f050 Thread added: 0x00000224929c08c0
Event: 371.500 Thread 0x0000022494b0f050 Thread added: 0x00000224929bd240
Event: 371.574 Thread 0x0000022494b0f050 Thread added: 0x00000224929c2ad0
Event: 372.664 Thread 0x00000224934d1e40 Thread added: 0x00000224924ea7a0


Dynamic libraries:
0x00007ff67a900000 - 0x00007ff67a90a000 	C:\Program Files\Android\Android Studio\jbr\bin\java.exe
0x00007ffaf05c0000 - 0x00007ffaf0823000 	C:\WINDOWS\SYSTEM32\ntdll.dll
0x00007ffaef7f0000 - 0x00007ffaef8b7000 	C:\WINDOWS\System32\KERNEL32.DLL
0x00007ffaedca0000 - 0x00007ffaee069000 	C:\WINDOWS\System32\KERNELBASE.dll
0x00007ffaee290000 - 0x00007ffaee3dc000 	C:\WINDOWS\System32\ucrtbase.dll
0x00007ffae6650000 - 0x00007ffae6668000 	C:\Program Files\Android\Android Studio\jbr\bin\jli.dll
0x00007ffae0ce0000 - 0x00007ffae0cfb000 	C:\Program Files\Android\Android Studio\jbr\bin\VCRUNTIME140.dll
0x00007ffaefcb0000 - 0x00007ffaefe7a000 	C:\WINDOWS\System32\USER32.dll
0x00007ffad3ae0000 - 0x00007ffad3d70000 	C:\WINDOWS\WinSxS\amd64_microsoft.windows.common-controls_6595b64144ccf1df_6.0.26100.3323_none_3e088096e3344490\COMCTL32.dll
0x00007ffaee100000 - 0x00007ffaee127000 	C:\WINDOWS\System32\win32u.dll
0x00007ffaee9b0000 - 0x00007ffaee9da000 	C:\WINDOWS\System32\GDI32.dll
0x00007ffaee460000 - 0x00007ffaee509000 	C:\WINDOWS\System32\msvcrt.dll
0x00007ffaed9e0000 - 0x00007ffaedb11000 	C:\WINDOWS\System32\gdi32full.dll
0x00007ffaed7c0000 - 0x00007ffaed863000 	C:\WINDOWS\System32\msvcp_win.dll
0x00007ffaeea10000 - 0x00007ffaeea3f000 	C:\WINDOWS\System32\IMM32.DLL
0x00007ffae4400000 - 0x00007ffae440c000 	C:\Program Files\Android\Android Studio\jbr\bin\vcruntime140_1.dll
0x00007ffabde30000 - 0x00007ffabdebd000 	C:\Program Files\Android\Android Studio\jbr\bin\msvcp140.dll
0x00007ffa745e0000 - 0x00007ffa7526a000 	C:\Program Files\Android\Android Studio\jbr\bin\server\jvm.dll
0x00007ffaef920000 - 0x00007ffaef9d2000 	C:\WINDOWS\System32\ADVAPI32.dll
0x00007ffaf01d0000 - 0x00007ffaf0276000 	C:\WINDOWS\System32\sechost.dll
0x00007ffaef6c0000 - 0x00007ffaef7d6000 	C:\WINDOWS\System32\RPCRT4.dll
0x00007ffaf0070000 - 0x00007ffaf00e4000 	C:\WINDOWS\System32\WS2_32.dll
0x00007ffaec420000 - 0x00007ffaec46e000 	C:\WINDOWS\SYSTEM32\POWRPROF.dll
0x00007ffade390000 - 0x00007ffade39b000 	C:\WINDOWS\SYSTEM32\VERSION.dll
0x00007ffae2a00000 - 0x00007ffae2a36000 	C:\WINDOWS\SYSTEM32\WINMM.dll
0x00007ffaec400000 - 0x00007ffaec414000 	C:\WINDOWS\SYSTEM32\UMPDC.dll
0x00007ffaec6f0000 - 0x00007ffaec70a000 	C:\WINDOWS\SYSTEM32\kernel.appcore.dll
0x00007ffae25a0000 - 0x00007ffae25aa000 	C:\Program Files\Android\Android Studio\jbr\bin\jimage.dll
0x00007ffaea830000 - 0x00007ffaeaa71000 	C:\WINDOWS\SYSTEM32\DBGHELP.DLL
0x00007ffaee510000 - 0x00007ffaee892000 	C:\WINDOWS\System32\combase.dll
0x00007ffaf00f0000 - 0x00007ffaf01c6000 	C:\WINDOWS\System32\OLEAUT32.dll
0x00007ffadffc0000 - 0x00007ffadfff9000 	C:\WINDOWS\SYSTEM32\dbgcore.DLL
0x00007ffaee1f0000 - 0x00007ffaee289000 	C:\WINDOWS\System32\bcryptPrimitives.dll
0x00007ffaea430000 - 0x00007ffaea43e000 	C:\Program Files\Android\Android Studio\jbr\bin\instrument.dll
0x00007ffae0cc0000 - 0x00007ffae0ce0000 	C:\Program Files\Android\Android Studio\jbr\bin\java.dll
0x00007ffadffa0000 - 0x00007ffadffb8000 	C:\Program Files\Android\Android Studio\jbr\bin\zip.dll
0x00007ffaeea50000 - 0x00007ffaef165000 	C:\WINDOWS\System32\SHELL32.dll
0x00007ffaed870000 - 0x00007ffaed9d8000 	C:\WINDOWS\System32\wintypes.dll
0x00007ffaeb490000 - 0x00007ffaebcd5000 	C:\WINDOWS\SYSTEM32\windows.storage.dll
0x00007ffaf0310000 - 0x00007ffaf03fb000 	C:\WINDOWS\System32\SHCORE.dll
0x00007ffaef9e0000 - 0x00007ffaefa3d000 	C:\WINDOWS\System32\shlwapi.dll
0x00007ffaed6d0000 - 0x00007ffaed6ff000 	C:\WINDOWS\SYSTEM32\profapi.dll
0x00007ffae1dc0000 - 0x00007ffae1dd0000 	C:\Program Files\Android\Android Studio\jbr\bin\net.dll
0x00007ffae5780000 - 0x00007ffae589e000 	C:\WINDOWS\SYSTEM32\WINHTTP.dll
0x00007ffaecc10000 - 0x00007ffaecc7a000 	C:\WINDOWS\system32\mswsock.dll
0x00007ffacc120000 - 0x00007ffacc136000 	C:\Program Files\Android\Android Studio\jbr\bin\nio.dll
0x00007ffac2150000 - 0x00007ffac2160000 	C:\Program Files\Android\Android Studio\jbr\bin\verify.dll
0x00007ffac4760000 - 0x00007ffac4787000 	C:\Users\Phong Nguyen\.gradle\native\c067742578af261105cb4f569cf0c3c89f3d7b1fecec35dd04571415982c5e48\windows-amd64\native-platform.dll
0x00007ffa96220000 - 0x00007ffa96364000 	C:\Users\Phong Nguyen\.gradle\native\100fb08df4bc3b14c8652ba06237920a3bd2aa13389f12d3474272988ae205f9\windows-amd64\native-platform-file-events.dll
0x00007ffadff90000 - 0x00007ffadff99000 	C:\Program Files\Android\Android Studio\jbr\bin\management.dll
0x00007ffad17b0000 - 0x00007ffad17bb000 	C:\Program Files\Android\Android Studio\jbr\bin\management_ext.dll
0x00007ffaee9a0000 - 0x00007ffaee9a8000 	C:\WINDOWS\System32\PSAPI.DLL
0x00007ffaeceb0000 - 0x00007ffaececc000 	C:\WINDOWS\SYSTEM32\CRYPTSP.dll
0x00007ffaec630000 - 0x00007ffaec66a000 	C:\WINDOWS\system32\rsaenh.dll
0x00007ffaeccb0000 - 0x00007ffaeccdb000 	C:\WINDOWS\SYSTEM32\USERENV.dll
0x00007ffaed0f0000 - 0x00007ffaed116000 	C:\WINDOWS\SYSTEM32\bcrypt.dll
0x00007ffaeced0000 - 0x00007ffaecedc000 	C:\WINDOWS\SYSTEM32\CRYPTBASE.dll
0x00007ffaec020000 - 0x00007ffaec053000 	C:\WINDOWS\SYSTEM32\IPHLPAPI.DLL
0x00007ffaef6b0000 - 0x00007ffaef6ba000 	C:\WINDOWS\System32\NSI.dll
0x00007ffae0c70000 - 0x00007ffae0c79000 	C:\Program Files\Android\Android Studio\jbr\bin\extnet.dll
0x00007ffabd500000 - 0x00007ffabd508000 	C:\WINDOWS\system32\wshunix.dll
0x00007ffadbc10000 - 0x00007ffadbc28000 	C:\WINDOWS\system32\napinsp.dll
0x00007ffaec060000 - 0x00007ffaec185000 	C:\WINDOWS\SYSTEM32\DNSAPI.dll
0x00007ffadbbf0000 - 0x00007ffadbc02000 	C:\WINDOWS\System32\winrnr.dll
0x00007ffa99ba0000 - 0x00007ffa99bc2000 	C:\WINDOWS\system32\nlansp_c.dll
0x00007ffae5aa0000 - 0x00007ffae5ab6000 	C:\WINDOWS\system32\wshbth.dll
0x00007ffae5900000 - 0x00007ffae590b000 	C:\Windows\System32\rasadhlp.dll
0x00007ffae48f0000 - 0x00007ffae4975000 	C:\WINDOWS\System32\fwpuclnt.dll
0x00007ffaec810000 - 0x00007ffaec845000 	C:\WINDOWS\SYSTEM32\ntmarta.dll
0x00007ffae9ad0000 - 0x00007ffae9ad7000 	C:\Program Files\Android\Android Studio\jbr\bin\rmi.dll

dbghelp: loaded successfully - version: 4.0.5 - missing functions: none
symbol engine: initialized successfully - sym options: 0x614 - pdb path: .;C:\Program Files\Android\Android Studio\jbr\bin;C:\WINDOWS\SYSTEM32;C:\WINDOWS\WinSxS\amd64_microsoft.windows.common-controls_6595b64144ccf1df_6.0.26100.3323_none_3e088096e3344490;C:\Program Files\Android\Android Studio\jbr\bin\server;C:\Users\Phong Nguyen\.gradle\native\c067742578af261105cb4f569cf0c3c89f3d7b1fecec35dd04571415982c5e48\windows-amd64;C:\Users\Phong Nguyen\.gradle\native\100fb08df4bc3b14c8652ba06237920a3bd2aa13389f12d3474272988ae205f9\windows-amd64

VM Arguments:
jvm_args: --add-opens=java.base/java.lang=ALL-UNNAMED --add-opens=java.base/java.lang.invoke=ALL-UNNAMED --add-opens=java.base/java.util=ALL-UNNAMED --add-opens=java.prefs/java.util.prefs=ALL-UNNAMED --add-exports=jdk.compiler/com.sun.tools.javac.api=ALL-UNNAMED --add-exports=jdk.compiler/com.sun.tools.javac.util=ALL-UNNAMED --add-opens=java.base/java.util=ALL-UNNAMED --add-opens=java.prefs/java.util.prefs=ALL-UNNAMED --add-opens=java.base/java.nio.charset=ALL-UNNAMED --add-opens=java.base/java.net=ALL-UNNAMED --add-opens=java.base/java.util.concurrent.atomic=ALL-UNNAMED --add-opens=java.xml/javax.xml.namespace=ALL-UNNAMED -Xmx2048m -Dfile.encoding=UTF-8 -Duser.country=US -Duser.language=en -Duser.variant -javaagent:C:\Users\Phong Nguyen\.gradle\wrapper\dists\gradle-8.11.1-bin\bpt9gzteqjrbo1mjrsomdt32c\gradle-8.11.1\lib\agents\gradle-instrumentation-agent-8.11.1.jar 
java_command: org.gradle.launcher.daemon.bootstrap.GradleDaemon 8.11.1
java_class_path (initial): C:\Users\Phong Nguyen\.gradle\wrapper\dists\gradle-8.11.1-bin\bpt9gzteqjrbo1mjrsomdt32c\gradle-8.11.1\lib\gradle-daemon-main-8.11.1.jar
Launcher Type: SUN_STANDARD

[Global flags]
     intx CICompilerCount                          = 12                                        {product} {ergonomic}
     uint ConcGCThreads                            = 3                                         {product} {ergonomic}
     uint G1ConcRefinementThreads                  = 13                                        {product} {ergonomic}
   size_t G1HeapRegionSize                         = 1048576                                   {product} {ergonomic}
    uintx GCDrainStackTargetSize                   = 64                                        {product} {ergonomic}
   size_t InitialHeapSize                          = 264241152                                 {product} {ergonomic}
   size_t MarkStackSize                            = 4194304                                   {product} {ergonomic}
   size_t MaxHeapSize                              = 2147483648                                {product} {command line}
   size_t MaxNewSize                               = 1287651328                                {product} {ergonomic}
   size_t MinHeapDeltaBytes                        = 1048576                                   {product} {ergonomic}
   size_t MinHeapSize                              = 8388608                                   {product} {ergonomic}
    uintx NonNMethodCodeHeapSize                   = 7602480                                {pd product} {ergonomic}
    uintx NonProfiledCodeHeapSize                  = 122027880                              {pd product} {ergonomic}
    uintx ProfiledCodeHeapSize                     = 122027880                              {pd product} {ergonomic}
    uintx ReservedCodeCacheSize                    = 251658240                              {pd product} {ergonomic}
     bool SegmentedCodeCache                       = true                                      {product} {ergonomic}
   size_t SoftMaxHeapSize                          = 2147483648                             {manageable} {ergonomic}
     bool UseCompressedOops                        = true                           {product lp64_product} {ergonomic}
     bool UseG1GC                                  = true                                      {product} {ergonomic}
     bool UseLargePagesIndividualAllocation        = false                                  {pd product} {ergonomic}

Logging:
Log output configuration:
 #0: stdout all=warning uptime,level,tags foldmultilines=false
 #1: stderr all=off uptime,level,tags foldmultilines=false

Environment Variables:
PATH=C:\Program Files\Common Files\Oracle\Java\javapath;C:\WINDOWS\system32;C:\WINDOWS;C:\WINDOWS\System32\Wbem;C:\WINDOWS\System32\WindowsPowerShell\v1.0\;C:\WINDOWS\System32\OpenSSH\;C:\Program Files\nodejs\;C:\Program Files\NVIDIA Corporation\NVIDIA app\NvDLISR;C:\Program Files (x86)\Windows Kits\10\Windows Performance Toolkit\;C:\Program Files\Cloudflare\Cloudflare WARP\;C:\Program Files (x86)\Microsoft SQL Server\160\Tools\Binn\;C:\Program Files\Microsoft SQL Server\160\Tools\Binn\;C:\Program Files\Microsoft SQL Server\Client SDK\ODBC\170\Tools\Binn\;C:\Program Files\Microsoft SQL Server\160\DTS\Binn\;C:\Program Files (x86)\Microsoft SQL Server\160\DTS\Binn\;C:\Program Files\Git\cmd;C:\Users\Phong Nguyen\AppData\Local\Microsoft\WindowsApps;F:\Microsoft VS Code\bin;C:\Users\Phong Nguyen\AppData\Roaming\npm;C:\Program Files (x86)\Dev-Cpp\MinGW64\bin;C:\Program Files\Git\bin;C:\Program Files\Git\cmd;
USERNAME=Phong Nguyen
OS=Windows_NT
PROCESSOR_IDENTIFIER=Intel64 Family 6 Model 154 Stepping 3, GenuineIntel
TMP=C:\Users\PHONGN~1\AppData\Local\Temp
TEMP=C:\Users\PHONGN~1\AppData\Local\Temp




Periodic native trim disabled

JNI global refs:
JNI global refs: 43, weak refs: 31

JNI global refs memory usage: 835, weak refs: 1465

Process memory usage:
Resident Set Size: 1598368K (9% of 16474168K total physical memory with 1814540K free physical memory)

OOME stack traces (most recent first):
Classloader memory used:
Loader org.gradle.internal.classloader.VisitableURLClassLoader                         : 110M
Loader org.gradle.internal.classloader.VisitableURLClassLoader$InstrumentingVisitableURLClassLoader: 75920K
Loader bootstrap                                                                       : 35532K
Loader org.gradle.initialization.MixInLegacyTypesClassLoader                           : 15312K
Loader org.gradle.internal.classloader.VisitableURLClassLoader                         : 8902K
Loader java.net.URLClassLoader                                                         : 2686K
Loader jdk.internal.reflect.DelegatingClassLoader                                      : 1267K
Loader jdk.internal.loader.ClassLoaders$PlatformClassLoader                            : 532K
Loader jdk.internal.jrtfs.JrtFileSystemProvider$JrtFsLoader                            : 345K
Loader jdk.internal.loader.ClassLoaders$AppClassLoader                                 : 234K
Loader org.gradle.groovy.scripts.internal.DefaultScriptCompilationHandler$ScriptClassLoader: 159K
Loader org.codehaus.groovy.runtime.callsite.CallSiteClassLoader                        : 52792B
Loader sun.reflect.misc.MethodUtil                                                     : 2952B

Classes loaded by more than one classloader:
Class Program                                                                         : loaded 11 times (x 68B)
Class Build_gradle$1                                                                  : loaded 7 times (x 70B)
Class Build_gradle                                                                    : loaded 7 times (x 126B)
Class Settings_gradle                                                                 : loaded 4 times (x 124B)
Class Settings_gradle$1$1                                                             : loaded 4 times (x 70B)
Class Settings_gradle$1                                                               : loaded 4 times (x 70B)
Class org.gradle.kotlin.dsl.VersionCatalogAccessorsKt                                 : loaded 4 times (x 67B)
Class com.google.common.collect.ImmutableList$SubList                                 : loaded 3 times (x 205B)
Class com.google.common.collect.ForwardingObject                                      : loaded 3 times (x 68B)
Class com.google.common.collect.ImmutableSet$SetBuilderImpl                           : loaded 3 times (x 72B)
Class com.google.common.collect.ImmutableList                                         : loaded 3 times (x 202B)
Class kotlin.collections.CollectionsKt                                                : loaded 3 times (x 67B)
Class kotlin.jvm.internal.markers.KMappedMarker                                       : loaded 3 times (x 66B)
Class com.google.common.base.CharMatcher$InRange                                      : loaded 3 times (x 107B)
Class kotlin.io.FilesKt__FileTreeWalkKt                                               : loaded 3 times (x 67B)
Class kotlin.sequences.FilteringSequence$iterator$1                                   : loaded 3 times (x 75B)
Class kotlin.sequences.SequencesKt__SequenceBuilderKt                                 : loaded 3 times (x 67B)
Class kotlin.collections.CollectionsKt__ReversedViewsKt                               : loaded 3 times (x 67B)
Class com.google.common.collect.SetMultimap                                           : loaded 3 times (x 66B)
Class com.google.common.collect.ImmutableSet$Builder                                  : loaded 3 times (x 81B)
Class com.google.common.collect.ImmutableMapEntrySet$RegularEntrySet                  : loaded 3 times (x 148B)
Class kotlin.NoWhenBranchMatchedException                                             : loaded 3 times (x 78B)
Class com.google.common.base.CharMatcher$IsEither                                     : loaded 3 times (x 107B)
Class com.google.common.collect.RangeSet                                              : loaded 3 times (x 66B)
Class kotlin.text.StringsKt__StringBuilderKt                                          : loaded 3 times (x 67B)
Class com.google.common.collect.RangeGwtSerializationDependencies                     : loaded 3 times (x 67B)
Class com.google.common.base.Joiner$2                                                 : loaded 3 times (x 75B)
Class com.google.common.base.CharMatcher$1                                            : loaded 3 times (x 109B)
Class com.google.common.base.CharMatcher$NamedFastMatcher                             : loaded 3 times (x 108B)
Class kotlin.collections.ArraysKt__ArraysJVMKt                                        : loaded 3 times (x 67B)
Class com.google.common.collect.PeekingIterator                                       : loaded 3 times (x 66B)
Class com.google.common.base.Joiner$1                                                 : loaded 3 times (x 76B)
Class com.google.common.base.CharMatcher                                              : loaded 3 times (x 107B)
Class com.google.common.collect.ImmutableList$1                                       : loaded 3 times (x 93B)
Class com.google.common.collect.ImmutableSetMultimap                                  : loaded 3 times (x 176B)
Class kotlin.collections.SetsKt__SetsKt                                               : loaded 3 times (x 67B)
Class com.google.common.base.Preconditions                                            : loaded 3 times (x 67B)
Class kotlin.collections.ArraysKt                                                     : loaded 3 times (x 67B)
Class com.google.common.base.CharMatcher$Negated                                      : loaded 3 times (x 109B)
Class com.google.common.base.CharMatcher$Is                                           : loaded 3 times (x 107B)
Class kotlin.ranges.RangesKt___RangesKt                                               : loaded 3 times (x 67B)
Class kotlin.KotlinNullPointerException                                               : loaded 3 times (x 79B)
Class com.google.common.collect.RegularImmutableMap$BucketOverflowException           : loaded 3 times (x 78B)
Class Build_gradle$1$5                                                                : loaded 3 times (x 74B)
Class org.gradle.kotlin.dsl.ImplementationConfigurationAccessorsKt                    : loaded 3 times (x 67B)
Class kotlin.collections.CollectionsKt__IterablesKt                                   : loaded 3 times (x 67B)
Class kotlin.collections.MapsKt                                                       : loaded 3 times (x 67B)
Class com.google.common.collect.RegularImmutableMap                                   : loaded 3 times (x 117B)
Class com.google.common.collect.ImmutableMap$MapViewOfValuesAsSingletonSets           : loaded 3 times (x 122B)
Class Build_gradle$1$4                                                                : loaded 3 times (x 70B)
Class kotlin.jvm.internal.Intrinsics                                                  : loaded 3 times (x 67B)
Class com.google.common.collect.ImmutableRangeSet$ComplementRanges                    : loaded 3 times (x 203B)
Class com.google.common.collect.ImmutableSet$RegularSetBuilderImpl                    : loaded 3 times (x 73B)
Class Build_gradle$1$3                                                                : loaded 3 times (x 74B)
Class org.gradle.internal.IoActions                                                   : loaded 3 times (x 67B)
Class Build_gradle$1$2                                                                : loaded 3 times (x 75B)
Class kotlin.text.StringsKt___StringsKt                                               : loaded 3 times (x 67B)
Class kotlin.enums.EnumEntriesKt                                                      : loaded 3 times (x 67B)
Class com.google.common.collect.UnmodifiableListIterator                              : loaded 3 times (x 91B)
Class kotlin.collections.CollectionsKt__MutableCollectionsJVMKt                       : loaded 3 times (x 67B)
Class Build_gradle$1$1                                                                : loaded 3 times (x 74B)
Class kotlin.collections.MapsKt__MapWithDefaultKt                                     : loaded 3 times (x 67B)
Class kotlin.collections.ArraysKt___ArraysKt                                          : loaded 3 times (x 67B)
Class kotlin.io.FilesKt                                                               : loaded 3 times (x 67B)
Class kotlin.collections.MapsKt___MapsKt                                              : loaded 3 times (x 67B)
Class kotlin.text.StringsKt___StringsJvmKt                                            : loaded 3 times (x 67B)
Class org.gradle.api.GradleException                                                  : loaded 3 times (x 78B)
Class com.google.common.collect.ImmutableEntry                                        : loaded 3 times (x 78B)
Class org.jetbrains.kotlin.name.FqNameUnsafe$1                                        : loaded 3 times (x 70B)
Class [Lcom.google.common.collect.AbstractMapEntry;                                   : loaded 3 times (x 65B)
Class kotlin.collections.CollectionsKt___CollectionsKt                                : loaded 3 times (x 67B)
Class com.google.common.collect.AbstractRangeSet                                      : loaded 3 times (x 110B)
Class com.google.common.base.CharMatcher$NegatedFastMatcher                           : loaded 3 times (x 109B)
Class kotlin.collections.MapsKt___MapsJvmKt                                           : loaded 3 times (x 67B)
Class com.google.common.base.Predicate                                                : loaded 3 times (x 66B)
Class com.google.common.collect.ImmutableMap                                          : loaded 3 times (x 116B)
Class kotlin.jvm.functions.Function2                                                  : loaded 3 times (x 66B)
Class com.google.common.base.CharMatcher$FastMatcher                                  : loaded 3 times (x 107B)
Class kotlin.jvm.functions.Function1                                                  : loaded 3 times (x 66B)
Class org.gradle.internal.Cast                                                        : loaded 3 times (x 67B)
Class org.gradle.api.Action                                                           : loaded 3 times (x 66B)
Class com.google.common.collect.ImmutableList$SerializedForm                          : loaded 3 times (x 69B)
Class kotlin.sequences.SequencesKt___SequencesKt                                      : loaded 3 times (x 67B)
Class kotlin.collections.AbstractList$Companion                                       : loaded 3 times (x 67B)
Class com.google.common.collect.RegularImmutableMap$KeySet                            : loaded 3 times (x 148B)
Class kotlin.jvm.functions.Function0                                                  : loaded 3 times (x 66B)
Class kotlin.collections.ArraysUtilJVM                                                : loaded 3 times (x 67B)
Class kotlin.ranges.RangesKt                                                          : loaded 3 times (x 67B)
Class com.google.common.base.CharMatcher$Or                                           : loaded 3 times (x 108B)
Class com.google.common.collect.Iterators$MergingIterator                             : loaded 3 times (x 77B)
Class kotlin.sequences.SequencesKt___SequencesJvmKt                                   : loaded 3 times (x 67B)
Class kotlin.Unit                                                                     : loaded 3 times (x 67B)
Class kotlin.TuplesKt                                                                 : loaded 3 times (x 67B)
Class kotlin.collections.CollectionsKt___CollectionsJvmKt                             : loaded 3 times (x 67B)
Class com.google.common.collect.ImmutableSet                                          : loaded 3 times (x 141B)
Class com.google.common.collect.RegularImmutableMap$Values                            : loaded 3 times (x 203B)
Class com.google.common.base.CharMatcher$BitSetMatcher                                : loaded 3 times (x 108B)
Class kotlin.sequences.FilteringSequence                                              : loaded 3 times (x 71B)
Class [Lcom.google.common.collect.ImmutableMapEntry;                                  : loaded 3 times (x 65B)
Class kotlin.comparisons.ComparisonsKt___ComparisonsKt                                : loaded 3 times (x 67B)
Class kotlin.comparisons.ComparisonsKt                                                : loaded 3 times (x 67B)
Class org.gradle.kotlin.dsl.Accessors6ijptz36i787i38pli2t3331aKt                      : loaded 3 times (x 67B)
Class org.gradle.kotlin.dsl.AndroidTestImplementationConfigurationAccessorsKt         : loaded 3 times (x 67B)
Class kotlin.sequences.SequencesKt__SequencesKt                                       : loaded 3 times (x 67B)
Class kotlin.text.StringsKt__AppendableKt                                             : loaded 3 times (x 67B)
Class kotlin.collections.SetsKt___SetsKt                                              : loaded 3 times (x 67B)
Class kotlin.ranges.RangesKt__RangesKt                                                : loaded 3 times (x 67B)
Class kotlin.comparisons.ComparisonsKt__ComparisonsKt                                 : loaded 3 times (x 67B)
Class com.google.common.collect.ImmutableRangeSet$Builder                             : loaded 3 times (x 73B)
Class com.google.common.collect.ImmutableRangeSet                                     : loaded 3 times (x 111B)
Class kotlin.text.StringsKt__StringBuilderJVMKt                                       : loaded 3 times (x 67B)
Class Build_gradle$2                                                                  : loaded 3 times (x 75B)
Class kotlin.collections.AbstractCollection                                           : loaded 3 times (x 113B)
Class kotlin.collections.AbstractList                                                 : loaded 3 times (x 193B)
Class kotlin.sequences.SequencesKt__SequencesJVMKt                                    : loaded 3 times (x 67B)
Class com.google.common.collect.RegularImmutableSet                                   : loaded 3 times (x 145B)
Class kotlin.text.StringsKt__RegexExtensionsKt                                        : loaded 3 times (x 67B)
Class [Lcom.google.common.collect.ImmutableEntry;                                     : loaded 3 times (x 65B)
Class org.jetbrains.kotlin.name.Name                                                  : loaded 3 times (x 71B)
Class kotlin.io.FileSystemException                                                   : loaded 3 times (x 78B)
Class org.gradle.kotlin.dsl.TestImplementationConfigurationAccessorsKt                : loaded 3 times (x 67B)
Class com.google.common.collect.RegularImmutableList                                  : loaded 3 times (x 209B)
Class com.google.common.collect.ImmutableSet$SerializedForm                           : loaded 3 times (x 69B)
Class org.gradle.kotlin.dsl.Accessors377twfxlhpj2n65rquy9ybeqsKt                      : loaded 3 times (x 67B)
Class org.jetbrains.kotlin.name.ClassId$Companion                                     : loaded 3 times (x 67B)
Class com.google.common.base.Function                                                 : loaded 3 times (x 66B)
Class com.google.common.collect.ImmutableMapEntry$NonTerminalImmutableMapEntry        : loaded 3 times (x 81B)
Class com.google.common.collect.ImmutableMultimap                                     : loaded 3 times (x 143B)
Class kotlin.enums.EnumEntries                                                        : loaded 3 times (x 66B)
Class org.jetbrains.kotlin.name.FqName                                                : loaded 3 times (x 68B)
Class com.google.common.collect.ImmutableMapEntry                                     : loaded 3 times (x 81B)
Class kotlin.sequences.Sequence                                                       : loaded 3 times (x 66B)
Class kotlin.text.StringsKt__StringNumberConversionsJVMKt                             : loaded 3 times (x 67B)
Class com.google.common.collect.RegularImmutableSortedSet                             : loaded 3 times (x 296B)
Class com.google.common.base.CharMatcher$IsNot                                        : loaded 3 times (x 107B)
Class com.google.common.collect.ImmutableMap$SerializedForm                           : loaded 3 times (x 69B)
Class com.google.common.collect.Iterables                                             : loaded 3 times (x 67B)
Class com.google.common.collect.ImmutableSortedSet                                    : loaded 3 times (x 296B)
Class kotlin.text.StringsKt__StringNumberConversionsKt                                : loaded 3 times (x 67B)
Class kotlin.io.FilesKt__FileReadWriteKt                                              : loaded 3 times (x 67B)
Class com.google.common.collect.ImmutableAsList                                       : loaded 3 times (x 205B)
Class com.google.common.collect.Iterators$9                                           : loaded 3 times (x 77B)
Class kotlin.text.StringsKt                                                           : loaded 3 times (x 67B)
Class com.google.common.collect.ImmutableSet$CachingAsList                            : loaded 3 times (x 144B)
Class com.google.common.collect.Lists                                                 : loaded 3 times (x 67B)
Class kotlin.collections.CollectionsKt__IteratorsKt                                   : loaded 3 times (x 67B)
Class kotlin.sequences.SequencesKt                                                    : loaded 3 times (x 67B)
Class com.google.common.collect.ImmutableCollection                                   : loaded 3 times (x 121B)
Class com.google.common.base.CharMatcher$AnyOf                                        : loaded 3 times (x 108B)
Class kotlin.collections.CollectionsKt__CollectionsJVMKt                              : loaded 3 times (x 67B)
Class kotlin.io.FilesKt__UtilsKt                                                      : loaded 3 times (x 67B)
Class com.google.common.base.CharMatcher$ForPredicate                                 : loaded 3 times (x 108B)
Class Build_gradle$1$2$1                                                              : loaded 3 times (x 75B)
Class org.jetbrains.kotlin.name.FqNameUnsafe                                          : loaded 3 times (x 68B)
Class com.google.common.collect.Iterators$5                                           : loaded 3 times (x 78B)
Class com.google.common.collect.SortedIterable                                        : loaded 3 times (x 66B)
Class com.google.common.collect.Iterators$4                                           : loaded 3 times (x 78B)
Class com.google.common.collect.ImmutableBiMap                                        : loaded 3 times (x 139B)
Class com.google.common.collect.SingletonImmutableSet                                 : loaded 3 times (x 142B)
Class com.google.common.collect.ImmutableMap$IteratorBasedImmutableMap                : loaded 3 times (x 122B)
Class kotlin.UninitializedPropertyAccessException                                     : loaded 3 times (x 78B)
Class com.google.common.collect.Iterators$1                                           : loaded 3 times (x 77B)
Class kotlin.collections.MapsKt__MapsKt                                               : loaded 3 times (x 67B)
Class com.google.common.collect.ImmutableList$ReverseImmutableList                    : loaded 3 times (x 205B)
Class org.gradle.api.UncheckedIOException                                             : loaded 3 times (x 78B)
Class com.google.common.collect.SingletonImmutableList                                : loaded 3 times (x 203B)
Class kotlin.text.StringsKt__StringsKt                                                : loaded 3 times (x 67B)
Class kotlin.io.NoSuchFileException                                                   : loaded 3 times (x 78B)
Class kotlin.text.StringsKt__IndentKt                                                 : loaded 3 times (x 67B)
Class kotlin.collections.SetsKt                                                       : loaded 3 times (x 67B)
Class com.google.common.collect.NullnessCasts                                         : loaded 3 times (x 67B)
Class org.gradle.kotlin.dsl.DebugImplementationConfigurationAccessorsKt               : loaded 3 times (x 67B)
Class kotlin.text.StringsKt__StringsJVMKt                                             : loaded 3 times (x 67B)
Class com.google.common.collect.Multimap                                              : loaded 3 times (x 66B)
Class com.google.common.collect.ImmutableMap$Builder                                  : loaded 3 times (x 78B)
Class kotlin.io.FileAlreadyExistsException                                            : loaded 3 times (x 78B)
Class com.google.common.collect.ImmutableMapEntrySet                                  : loaded 3 times (x 148B)
Class kotlin.Function                                                                 : loaded 3 times (x 66B)
Class kotlin.collections.SetsKt__SetsJVMKt                                            : loaded 3 times (x 67B)
Class com.google.common.collect.AbstractIndexedListIterator                           : loaded 3 times (x 92B)
Class com.google.common.collect.ObjectArrays                                          : loaded 3 times (x 67B)
Class kotlin.collections.ArraysKt__ArraysKt                                           : loaded 3 times (x 67B)
Class com.google.common.collect.AbstractIterator                                      : loaded 3 times (x 78B)
Class org.jetbrains.kotlin.name.ClassId                                               : loaded 3 times (x 68B)
Class com.google.common.collect.ImmutableMap$1                                        : loaded 3 times (x 77B)
Class com.google.common.collect.BiMap                                                 : loaded 3 times (x 66B)
Class com.google.common.collect.IndexedImmutableSet                                   : loaded 3 times (x 148B)
Class kotlin.collections.ArraysKt___ArraysJvmKt                                       : loaded 3 times (x 67B)
Class kotlin.collections.CollectionsKt__CollectionsKt                                 : loaded 3 times (x 67B)
Class kotlin.text.StringsKt__RegexExtensionsJVMKt                                     : loaded 3 times (x 67B)
Class com.google.common.base.CharMatcher$And                                          : loaded 3 times (x 108B)
Class kotlin.collections.MapsKt__MapsJVMKt                                            : loaded 3 times (x 67B)
Class kotlin.collections.EmptyList                                                    : loaded 3 times (x 170B)
Class com.google.common.collect.Lists$StringAsImmutableList                           : loaded 3 times (x 203B)
Class kotlin.NotImplementedError                                                      : loaded 3 times (x 78B)
Class com.google.common.collect.Range                                                 : loaded 3 times (x 83B)
Class com.google.common.collect.Iterators                                             : loaded 3 times (x 67B)
Class com.google.common.collect.ImmutableRangeSet$1                                   : loaded 3 times (x 206B)
Class com.google.common.collect.RegularImmutableAsList                                : loaded 3 times (x 213B)
Class kotlin.io.FilesKt__FilePathComponentsKt                                         : loaded 3 times (x 67B)
Class kotlin.io.TerminateException                                                    : loaded 3 times (x 78B)
Class com.google.common.collect.ImmutableList$Builder                                 : loaded 3 times (x 73B)
Class com.google.common.collect.AbstractMultimap                                      : loaded 3 times (x 119B)
Class kotlin.collections.CollectionsKt__MutableCollectionsKt                          : loaded 3 times (x 67B)
Class com.google.common.collect.AbstractMapEntry                                      : loaded 3 times (x 77B)
Class kotlin.Pair                                                                     : loaded 3 times (x 68B)
Class com.google.common.collect.UnmodifiableIterator                                  : loaded 3 times (x 76B)
Class com.google.common.collect.Platform                                              : loaded 3 times (x 67B)
Class com.google.common.base.Joiner                                                   : loaded 3 times (x 75B)
Class com.google.common.collect.BaseImmutableMultimap                                 : loaded 3 times (x 119B)
Class kotlin.collections.CollectionsKt__IteratorsJVMKt                                : loaded 3 times (x 67B)
Class kotlin.comparisons.ComparisonsKt___ComparisonsJvmKt                             : loaded 3 times (x 67B)
Class com.google.common.collect.ImmutableRangeSet$AsSet                               : loaded 3 times (x 296B)
Class com.google.common.collect.Iterators$ArrayItr                                    : loaded 3 times (x 93B)
Class com.google.common.collect.ImmutableCollection$Builder                           : loaded 3 times (x 72B)
Class kotlin.enums.EnumEntriesList                                                    : loaded 3 times (x 219B)
Class org.jetbrains.kotlin.resolve.jvm.JvmClassName                                   : loaded 2 times (x 72B)
Class jdk.internal.jrtfs.SystemImage$1                                                : loaded 2 times (x 74B)
Class com.amazon.ion.IonValue                                                         : loaded 2 times (x 66B)
Class [Lorg.jetbrains.org.objectweb.asm.SymbolTable$Entry;                            : loaded 2 times (x 65B)
Class org.gradle.internal.classloader.InstrumentingClassLoader                        : loaded 2 times (x 66B)
Class org.gradle.internal.classpath.TransformedClassPath                              : loaded 2 times (x 92B)
Class kotlin.jvm.internal.FunctionReference                                           : loaded 2 times (x 118B)
Class [Lkotlin.coroutines.intrinsics.CoroutineSingletons;                             : loaded 2 times (x 65B)
Class kotlin.jvm.internal.FunctionBase                                                : loaded 2 times (x 66B)
Class org.apache.commons.io.output.UnsynchronizedByteArrayOutputStream                : loaded 2 times (x 98B)
Class com.google.common.collect.ImmutableListMultimap                                 : loaded 2 times (x 172B)
Class com.google.common.reflect.Types$ParameterizedTypeImpl                           : loaded 2 times (x 77B)
Class com.google.common.collect.Maps$IteratorBasedAbstractMap$1                       : loaded 2 times (x 134B)
Class com.google.common.cache.CacheLoader$FunctionToCacheLoader                       : loaded 2 times (x 71B)
Class com.google.common.cache.CacheBuilder$NullListener                               : loaded 2 times (x 78B)
Class org.objectweb.asm.FieldWriter                                                   : loaded 2 times (x 74B)
Class jdk.internal.jrtfs.SystemImage$2                                                : loaded 2 times (x 72B)
Class com.amazon.ion.impl.bin.IonRawBinaryWriter$ContainerType                        : loaded 2 times (x 75B)
Class com.amazon.ion.impl._Private_IonTextWriterBuilder$Mutable                       : loaded 2 times (x 98B)
Class com.google.common.reflect.Invokable                                             : loaded 2 times (x 99B)
Class com.google.common.collect.MapMaker$Dummy                                        : loaded 2 times (x 75B)
Class org.apache.commons.io.output.ByteArrayOutputStream                              : loaded 2 times (x 98B)
Class org.jetbrains.kotlin.config.LanguageFeature                                     : loaded 2 times (x 76B)
Class com.google.common.collect.EmptyImmutableListMultimap                            : loaded 2 times (x 172B)
Class com.google.common.reflect.TypeResolver$TypeVariableKey                          : loaded 2 times (x 68B)
Class com.google.common.base.MoreObjects                                              : loaded 2 times (x 67B)
Class org.jetbrains.org.objectweb.asm.tree.LabelNode                                  : loaded 2 times (x 76B)
Class org.jetbrains.kotlin.build.report.metrics.GradleBuildTime                       : loaded 2 times (x 82B)
Class org.jetbrains.plugins.gradle.model.IntelliJSettings                             : loaded 2 times (x 66B)
Class org.jetbrains.kotlin.idea.gradleTooling.KotlinSourceSetContainer                : loaded 2 times (x 66B)
Class kotlin.text.Regex$Companion                                                     : loaded 2 times (x 67B)
Class com.android.builder.model.v2.ide.TestInfo$Execution                             : loaded 2 times (x 75B)
Class org.jetbrains.plugins.gradle.model.ExternalLibraryDependency                    : loaded 2 times (x 66B)
Class kotlin.Result                                                                   : loaded 2 times (x 68B)
Class org.jetbrains.kotlin.config.LanguageOrApiVersion                                : loaded 2 times (x 66B)
Class [Lorg.objectweb.asm.Type;                                                       : loaded 2 times (x 65B)
Class org.gradle.internal.service.ServiceLocator                                      : loaded 2 times (x 66B)
Class kotlin._Assertions                                                              : loaded 2 times (x 67B)
Class [Lkotlin.Function;                                                              : loaded 2 times (x 65B)
Class Settings_gradle$1$1$1$1                                                         : loaded 2 times (x 70B)
Class jdk.internal.jrtfs.JrtFileSystemProvider                                        : loaded 2 times (x 97B)
Class com.amazon.ion.impl.IonWriterSystem                                             : loaded 2 times (x 167B)
Class com.amazon.ion.impl.bin.Symbols$2                                               : loaded 2 times (x 103B)
Class com.amazon.ion.impl.bin._Private_IonManagedWriter                               : loaded 2 times (x 66B)
Class com.intellij.gradle.toolingExtension.util.GradleVersionUtil                     : loaded 2 times (x 67B)
Class com.android.ide.gradle.model.GradlePropertiesModel                              : loaded 2 times (x 66B)
Class com.google.common.base.Splitter$1                                               : loaded 2 times (x 73B)
Class kotlin.sequences.TransformingSequence$iterator$1                                : loaded 2 times (x 75B)
Class org.gradle.tooling.internal.adapter.ProtocolToModelAdapter$SupportedPropertyInvoker: loaded 2 times (x 72B)
Class org.gradle.tooling.model.UnsupportedMethodException                             : loaded 2 times (x 78B)
Class org.apache.commons.io.FileExistsException                                       : loaded 2 times (x 78B)
Class com.google.common.base.Ascii                                                    : loaded 2 times (x 67B)
Class com.google.common.collect.SingletonImmutableBiMap                               : loaded 2 times (x 139B)
Class com.google.common.cache.LocalCache$1                                            : loaded 2 times (x 85B)
Class kotlin.io.CloseableKt                                                           : loaded 2 times (x 67B)
Class com.google.common.collect.MapDifference                                         : loaded 2 times (x 66B)
Class com.amazon.ion.impl.lite.IonContainerLite                                       : loaded 2 times (x 244B)
Class com.amazon.ion.IonBufferConfiguration$OversizedSymbolTableHandler               : loaded 2 times (x 66B)
Class com.amazon.ion.system.IonWriterBuilder                                          : loaded 2 times (x 70B)
Class org.jetbrains.plugins.gradle.tooling.serialization.ToolingStreamApiUtils        : loaded 2 times (x 67B)
Class com.amazon.ion.facet.Faceted                                                    : loaded 2 times (x 66B)
Class com.google.common.cache.LocalCache$Strength$3                                   : loaded 2 times (x 77B)
Class com.android.builder.model.v2.ide.BytecodeTransformation                         : loaded 2 times (x 75B)
Class com.google.common.collect.TransformedIterator                                   : loaded 2 times (x 76B)
Class com.google.common.collect.MapMakerInternalMap$AbstractStrongKeyEntry            : loaded 2 times (x 76B)
Class com.google.common.reflect.TypeToken$SimpleTypeToken                             : loaded 2 times (x 69B)
Class com.google.common.io.ByteSource$ByteArrayByteSource                             : loaded 2 times (x 81B)
Class com.google.common.collect.Sets$ImprovedAbstractSet                              : loaded 2 times (x 131B)
Class com.google.common.cache.LocalCache$2                                            : loaded 2 times (x 138B)
Class [Lcom.google.common.collect.Maps$EntryFunction;                                 : loaded 2 times (x 65B)
Class com.google.common.io.ByteStreams                                                : loaded 2 times (x 67B)
Class com.amazon.ion.impl.bin.utf8.Poolable                                           : loaded 2 times (x 75B)
Class com.amazon.ion.IonSymbol                                                        : loaded 2 times (x 66B)
Class org.jetbrains.plugins.gradle.tooling.serialization.AnnotationProcessingModelSerializationService$WriteContext: loaded 2 times (x 68B)
Class org.gradle.internal.impldep.gnu.trove.THash                                     : loaded 2 times (x 77B)
Class com.android.builder.model.v2.ide.CodeShrinker                                   : loaded 2 times (x 75B)
Class com.google.common.collect.Interner                                              : loaded 2 times (x 66B)
Class com.google.common.collect.Interners$InternerImpl                                : loaded 2 times (x 71B)
Class kotlin.reflect.KCallable                                                        : loaded 2 times (x 66B)
Class com.google.common.util.concurrent.AbstractFuture$UnsafeAtomicHelper$1           : loaded 2 times (x 72B)
Class org.jetbrains.org.objectweb.asm.tree.InsnList                                   : loaded 2 times (x 99B)
Class org.jetbrains.kotlin.idea.gradleTooling.KotlinGradlePluginVersion               : loaded 2 times (x 66B)
Class com.amazon.ion.impl.lite.IonStructLite                                          : loaded 2 times (x 294B)
Class com.amazon.ion.impl._Private_ReaderWriter                                       : loaded 2 times (x 66B)
Class com.amazon.ion.impl.bin.AbstractSymbolTable                                     : loaded 2 times (x 103B)
Class com.amazon.ion.Decimal                                                          : loaded 2 times (x 129B)
Class com.amazon.ion.impl.bin._Private_IonManagedBinaryWriterBuilder$AllocatorMode$1  : loaded 2 times (x 76B)
Class org.jetbrains.plugins.gradle.tooling.serialization.ProjectDependenciesSerializationService$WriteContext: loaded 2 times (x 68B)
Class org.jetbrains.plugins.gradle.tooling.serialization.ProjectDependenciesSerializationService: loaded 2 times (x 73B)
Class kotlin.collections.AbstractIterator                                             : loaded 2 times (x 79B)
Class kotlin.text.CharsKt                                                             : loaded 2 times (x 67B)
Class com.google.common.collect.AllEqualOrdering                                      : loaded 2 times (x 110B)
Class com.android.builder.model.v2.ide.AbstractArtifact                               : loaded 2 times (x 66B)
Class org.gradle.tooling.model.kotlin.dsl.KotlinDslScriptModel                        : loaded 2 times (x 66B)
Class org.gradle.tooling.internal.adapter.CollectionMapper                            : loaded 2 times (x 69B)
Class org.jetbrains.kotlin.cli.common.messages.MessageCollector$Companion             : loaded 2 times (x 67B)
Class com.google.common.base.Optional                                                 : loaded 2 times (x 76B)
Class com.google.common.util.concurrent.AbstractFuture$Trusted                        : loaded 2 times (x 66B)
Class com.google.common.base.CharMatcher$RangesMatcher                                : loaded 2 times (x 108B)
Class org.jetbrains.org.objectweb.asm.tree.MethodInsnNode                             : loaded 2 times (x 75B)
Class org.jetbrains.org.objectweb.asm.tree.MethodNode                                 : loaded 2 times (x 105B)
Class org.jetbrains.kotlin.load.kotlin.KotlinJvmBinaryClass                           : loaded 2 times (x 66B)
Class [Lorg.jetbrains.kotlin.build.report.metrics.BuildTime;                          : loaded 2 times (x 65B)
Class com.intellij.openapi.externalSystem.model.project.dependencies.ResolutionState  : loaded 2 times (x 75B)
Class jdk.internal.jimage.ImageLocation                                               : loaded 2 times (x 86B)
Class jdk.internal.jrtfs.JrtDirectoryStream$1                                         : loaded 2 times (x 79B)
Class org.jetbrains.kotlin.tooling.core.KotlinToolingVersion                          : loaded 2 times (x 71B)
Class com.amazon.ion.impl.lite.IonFloatLite                                           : loaded 2 times (x 182B)
Class com.amazon.ion.impl._Private_IonTextWriterBuilder                               : loaded 2 times (x 98B)
Class com.amazon.ion.impl.bin._Private_IonManagedBinaryWriterBuilder$AllocatorMode$2  : loaded 2 times (x 76B)
Class org.gradle.internal.impldep.gnu.trove.Equality                                  : loaded 2 times (x 66B)
Class com.android.ide.gradle.model.ArtifactIdentifierImpl                             : loaded 2 times (x 73B)
Class [Lcom.android.builder.model.v2.ide.LibraryType;                                 : loaded 2 times (x 65B)
Class com.android.builder.model.v2.ide.LibraryType                                    : loaded 2 times (x 75B)
Class com.amazon.ion.impl._Private_ByteTransferSink                                   : loaded 2 times (x 66B)
Class com.google.common.collect.ExplicitOrdering                                      : loaded 2 times (x 111B)
Class com.google.common.io.ByteSink$AsCharSink                                        : loaded 2 times (x 76B)
Class com.google.common.util.concurrent.UncheckedExecutionException                   : loaded 2 times (x 78B)
Class org.jetbrains.org.objectweb.asm.ClassTooLargeException                          : loaded 2 times (x 79B)
Class org.jetbrains.kotlin.metadata.jvm.deserialization.JvmMemberSignature$Method     : loaded 2 times (x 71B)
Class org.jetbrains.plugins.gradle.ExternalDependencyId                               : loaded 2 times (x 66B)
Class com.amazon.ion.impl._Private_RecyclingStack                                     : loaded 2 times (x 75B)
Class com.amazon.ion.impl._Private_IonReaderBuilder                                   : loaded 2 times (x 91B)
Class com.amazon.ion.IonMutableCatalog                                                : loaded 2 times (x 66B)
Class com.intellij.gradle.toolingExtension.impl.model.buildScriptClasspathModel.GradleBuildScriptClasspathSerializationService$WriteContext: loaded 2 times (x 68B)
Class org.gradle.tooling.internal.adapter.ProtocolToModelAdapter                      : loaded 2 times (x 76B)
Class com.google.common.collect.ImmutableSortedSetFauxverideShim                      : loaded 2 times (x 143B)
Class com.google.common.base.CharMatcher$JavaLetterOrDigit                            : loaded 2 times (x 107B)
Class org.gradle.internal.InternalTransformer                                         : loaded 2 times (x 66B)
Class org.jetbrains.org.objectweb.asm.tree.IntInsnNode                                : loaded 2 times (x 74B)
Class com.amazon.ion.impl.bin.IonManagedBinaryWriter$ImportedSymbolResolverMode$1$1   : loaded 2 times (x 74B)
Class com.amazon.ion.impl._Private_RecyclingStack$ElementFactory                      : loaded 2 times (x 66B)
Class jdk.internal.jimage.ImageBufferCache$1                                          : loaded 2 times (x 79B)
Class org.gradle.internal.impldep.gnu.trove.TObjectCanonicalHashingStrategy           : loaded 2 times (x 76B)
Class kotlin.collections.ArraysKt___ArraysKt$asSequence$$inlined$Sequence$1           : loaded 2 times (x 71B)
Class com.amazon.ion.IonDatagram                                                      : loaded 2 times (x 66B)
Class com.android.ide.common.gradle.Separator                                         : loaded 2 times (x 75B)
Class com.android.builder.model.v2.ide.AndroidGradlePluginProjectFlags$BooleanFlag    : loaded 2 times (x 75B)
Class org.gradle.internal.time.DefaultTimer                                           : loaded 2 times (x 76B)
Class com.google.common.collect.AbstractMapBasedMultimap$KeySet$1                     : loaded 2 times (x 78B)
Class org.objectweb.asm.ClassWriter                                                   : loaded 2 times (x 102B)
Class com.google.common.cache.CacheLoader$UnsupportedLoadingOperationException        : loaded 2 times (x 78B)
Class org.gradle.internal.classloader.ClasspathUtil$1                                 : loaded 2 times (x 72B)
Class jdk.internal.jimage.ImageBufferCache$2                                          : loaded 2 times (x 87B)
Class com.amazon.ion.impl.bin.PooledBlockAllocatorProvider$PooledBlockAllocator$1     : loaded 2 times (x 75B)
Class com.amazon.ion.impl.lite.IonStringLite                                          : loaded 2 times (x 208B)
Class com.google.common.cache.LocalCache$Strength$2                                   : loaded 2 times (x 77B)
Class com.google.common.util.concurrent.SettableFuture                                : loaded 2 times (x 110B)
Class com.google.common.collect.Collections2$FilteredCollection                       : loaded 2 times (x 115B)
Class org.gradle.tooling.internal.adapter.ProtocolToModelAdapter$ViewKey              : loaded 2 times (x 68B)
Class com.google.common.collect.FluentIterable$1                                      : loaded 2 times (x 77B)
Class com.google.common.base.Objects                                                  : loaded 2 times (x 67B)
Class org.objectweb.asm.FieldVisitor                                                  : loaded 2 times (x 73B)
Class org.gradle.api.internal.classpath.DefaultModuleRegistry$DefaultModule           : loaded 2 times (x 82B)
Class com.google.common.reflect.Types$ClassOwnership$3                                : loaded 2 times (x 67B)
Class com.amazon.ion.impl.bin.Block                                                   : loaded 2 times (x 75B)
Class com.android.builder.model.v2.CustomSourceDirectory                              : loaded 2 times (x 66B)
Class org.apache.commons.io.output.QueueOutputStream                                  : loaded 2 times (x 83B)
Class com.google.common.collect.NullsFirstOrdering                                    : loaded 2 times (x 111B)
Class com.android.ide.common.repository.AgpVersion                                    : loaded 2 times (x 71B)
Class kotlin.ResultKt                                                                 : loaded 2 times (x 67B)
Class org.gradle.tooling.internal.adapter.ProtocolToModelAdapter$PropertyCachingMethodInvoker: loaded 2 times (x 72B)
Class com.google.common.reflect.Reflection                                            : loaded 2 times (x 67B)
Class com.google.common.collect.FluentIterable$2                                      : loaded 2 times (x 77B)
Class com.google.common.base.Absent                                                   : loaded 2 times (x 76B)
Class com.google.common.primitives.Ints                                               : loaded 2 times (x 67B)
Class org.jetbrains.org.objectweb.asm.tree.JumpInsnNode                               : loaded 2 times (x 74B)
Class org.jetbrains.org.objectweb.asm.FieldVisitor                                    : loaded 2 times (x 72B)
Class org.jetbrains.kotlin.cli.common.messages.CompilerMessageSeverity                : loaded 2 times (x 75B)
Class org.jetbrains.plugins.gradle.model.ExternalTask                                 : loaded 2 times (x 66B)
Class com.amazon.ion.impl.bin.utf8.Utf8StringEncoderPool$1                            : loaded 2 times (x 72B)
Class com.amazon.ion.impl.lite.IonLoaderLite                                          : loaded 2 times (x 78B)
Class com.amazon.ion.impl.lite.IonContext                                             : loaded 2 times (x 66B)
Class com.amazon.ion.impl.IonWriterSystemText                                         : loaded 2 times (x 186B)
Class [Lcom.amazon.ion.impl.bin.IonManagedBinaryWriter$ImportedSymbolResolverMode;    : loaded 2 times (x 65B)
Class com.amazon.ion.ValueFactory                                                     : loaded 2 times (x 66B)
Class org.gradle.tooling.model.Dependency                                             : loaded 2 times (x 66B)
Class org.gradle.api.JavaVersion                                                      : loaded 2 times (x 75B)
Class com.android.builder.model.v2.models.ProjectSyncIssues                           : loaded 2 times (x 66B)
Class kotlin.Result$Failure                                                           : loaded 2 times (x 68B)
Class org.gradle.internal.time.DefaultCountdownTimer                                  : loaded 2 times (x 84B)
Class com.google.common.collect.FluentIterable$3                                      : loaded 2 times (x 77B)
Class com.google.common.math.MathPreconditions                                        : loaded 2 times (x 67B)
Class com.google.common.collect.Multiset                                              : loaded 2 times (x 66B)
Class com.google.common.collect.ArrayListMultimapGwtSerializationDependencies         : loaded 2 times (x 168B)
Class com.android.ide.gradle.model.AdditionalClassifierArtifactsModelParameter        : loaded 2 times (x 66B)
Class org.jetbrains.plugins.gradle.tooling.serialization.GradleExtensionsSerializationService: loaded 2 times (x 73B)
Class com.amazon.ion.impl._Private_IonReaderBuilder$TwoElementSequenceInputStream     : loaded 2 times (x 88B)
Class com.amazon.ion.impl.bin.IonManagedBinaryWriter$SymbolResolver                   : loaded 2 times (x 66B)
Class com.amazon.ion.impl._Private_SymbolToken                                        : loaded 2 times (x 66B)
Class com.amazon.ion.impl.bin._Private_IonManagedBinaryWriterBuilder$AllocatorMode    : loaded 2 times (x 76B)
Class org.jetbrains.plugins.gradle.tooling.util.ObjectCollector                       : loaded 2 times (x 68B)
Class org.jetbrains.plugins.gradle.model.GradleTaskModel                              : loaded 2 times (x 66B)
Class com.amazon.ion.impl.bin.PooledBlockAllocatorProvider$PooledBlockAllocator       : loaded 2 times (x 77B)
Class org.gradle.tooling.internal.adapter.ProtocolToModelAdapter$AdaptingMethodInvoker: loaded 2 times (x 72B)
Class org.gradle.tooling.internal.gradle.DefaultBuildIdentifier                       : loaded 2 times (x 75B)
Class org.apache.commons.io.output.NullOutputStream                                   : loaded 2 times (x 81B)
Class org.gradle.api.internal.classpath.Module                                        : loaded 2 times (x 66B)
Class com.amazon.ion.IonTimestamp                                                     : loaded 2 times (x 66B)
Class com.amazon.ion.impl._Private_IonReaderBuilder$Mutable                           : loaded 2 times (x 91B)
Class com.intellij.openapi.externalSystem.model.project.IExternalSystemSourceType     : loaded 2 times (x 66B)
Class kotlin.internal.ProgressionUtilKt                                               : loaded 2 times (x 67B)
Class com.google.common.cache.Weigher                                                 : loaded 2 times (x 66B)
Class org.gradle.api.internal.classpath.UnknownModuleException                        : loaded 2 times (x 78B)
Class jdk.internal.jimage.ImageHeader                                                 : loaded 2 times (x 67B)
Class org.jetbrains.plugins.gradle.tooling.serialization.ProjectDependenciesSerializationService$ReadContext: loaded 2 times (x 68B)
Class org.gradle.internal.impldep.gnu.trove.TObjectIdentityHashingStrategy            : loaded 2 times (x 74B)
Class com.intellij.openapi.externalSystem.model.project.dependencies.ProjectDependencies: loaded 2 times (x 66B)
Class kotlin.sequences.DistinctIterator                                               : loaded 2 times (x 79B)
Class org.jetbrains.kotlin.config.ApiVersion                                          : loaded 2 times (x 82B)
Class com.google.common.base.Stopwatch                                                : loaded 2 times (x 68B)
Class com.google.common.cache.LocalCache$Strength                                     : loaded 2 times (x 77B)
Class com.google.common.cache.Cache                                                   : loaded 2 times (x 66B)
Class org.jetbrains.kotlin.build.report.metrics.BuildMetricsReporter                  : loaded 2 times (x 66B)
Class com.google.common.cache.LocalCache$Strength$1                                   : loaded 2 times (x 77B)
Class org.apache.commons.io.filefilter.IOFileFilter                                   : loaded 2 times (x 66B)
Class com.google.common.io.AppendableWriter                                           : loaded 2 times (x 96B)
Class com.google.common.io.Files$2                                                    : loaded 2 times (x 72B)
Class com.google.common.util.concurrent.AbstractFuture$Cancellation                   : loaded 2 times (x 68B)
Class com.google.common.base.NullnessCasts                                            : loaded 2 times (x 67B)
Class org.jetbrains.org.objectweb.asm.tree.VarInsnNode                                : loaded 2 times (x 74B)
Class org.jetbrains.org.objectweb.asm.FieldWriter                                     : loaded 2 times (x 73B)
Class org.jetbrains.org.objectweb.asm.MethodVisitor                                   : loaded 2 times (x 100B)
Class kotlin.io.ByteStreamsKt                                                         : loaded 2 times (x 67B)
Class com.amazon.ion.IonBufferConfiguration                                           : loaded 2 times (x 69B)
Class com.amazon.ion.impl.bin.Symbols                                                 : loaded 2 times (x 67B)
Class org.jetbrains.plugins.gradle.tooling.serialization.RepositoriesModelSerializationService: loaded 2 times (x 78B)
Class com.android.ide.gradle.model.artifacts.AdditionalClassifierArtifactsModel       : loaded 2 times (x 66B)
Class org.gradle.tooling.internal.gradle.GradleProjectIdentity                        : loaded 2 times (x 66B)
Class com.google.common.collect.AbstractMapBasedMultimap$WrappedCollection$WrappedIterator: loaded 2 times (x 80B)
Class com.google.common.collect.Maps$EntryFunction$1                                  : loaded 2 times (x 87B)
Class com.google.common.base.Present                                                  : loaded 2 times (x 77B)
Class com.google.common.cache.RemovalListener                                         : loaded 2 times (x 66B)
Class org.gradle.api.internal.DefaultClassPathRegistry                                : loaded 2 times (x 72B)
Class [Lcom.amazon.ion.impl.bin.AbstractIonWriter$WriteValueOptimization;             : loaded 2 times (x 65B)
Class org.jetbrains.plugins.gradle.tooling.serialization.RepositoriesModelSerializationService$ReadContext: loaded 2 times (x 68B)
Class org.objectweb.asm.ModuleVisitor                                                 : loaded 2 times (x 77B)
Class kotlin.ranges.ClosedRange                                                       : loaded 2 times (x 66B)
Class com.android.builder.model.v2.ide.JavaArtifact                                   : loaded 2 times (x 66B)
Class org.jetbrains.kotlin.load.java.JvmAbi                                           : loaded 2 times (x 67B)
Class org.apache.commons.io.file.DeleteOption                                         : loaded 2 times (x 66B)
Class org.jetbrains.kotlin.cli.common.messages.MessageCollector                       : loaded 2 times (x 66B)
Class [Lorg.jetbrains.kotlin.config.JvmDefaultMode;                                   : loaded 2 times (x 65B)
Class com.google.common.collect.ImmutableMultimap$Keys                                : loaded 2 times (x 162B)
Class com.google.common.reflect.Invokable$ConstructorInvokable                        : loaded 2 times (x 103B)
Class com.google.common.collect.Maps$EntryFunction$2                                  : loaded 2 times (x 87B)
Class com.google.common.primitives.IntsMethodsForWeb                                  : loaded 2 times (x 67B)
Class org.gradle.api.internal.ClassPathRegistry                                       : loaded 2 times (x 66B)
Class org.gradle.internal.classpath.DefaultClassPath$ImmutableUniqueList              : loaded 2 times (x 195B)
Class org.jetbrains.org.objectweb.asm.ByteVector                                      : loaded 2 times (x 74B)
Class com.google.common.collect.Sets$4                                                : loaded 2 times (x 135B)
Class com.google.common.io.ByteArrayDataInput                                         : loaded 2 times (x 66B)
Class jdk.internal.jimage.decompressor.ResourceDecompressor                           : loaded 2 times (x 66B)
Class com.amazon.ion.impl.bin.IonManagedBinaryWriter$UserState                        : loaded 2 times (x 81B)
Class org.jetbrains.plugins.gradle.tooling.serialization.internal.adapter.InternalBuildIdentifier: loaded 2 times (x 71B)
Class com.amazon.ion.impl._Private_IonWriter                                          : loaded 2 times (x 66B)
Class com.amazon.ion.impl.bin._Private_IonManagedBinaryWriterBuilder                  : loaded 2 times (x 68B)
Class com.intellij.gradle.toolingExtension.impl.model.projectModel.GradleExternalProjectSerializationService$WriteContext: loaded 2 times (x 69B)
Class kotlin.collections.IntIterator                                                  : loaded 2 times (x 78B)
Class com.google.common.reflect.TypeResolver                                          : loaded 2 times (x 68B)
Class org.apache.commons.io.IOUtils                                                   : loaded 2 times (x 67B)
Class com.google.common.collect.MapMakerInternalMap$Segment                           : loaded 2 times (x 138B)
Class com.google.common.reflect.TypeToken                                             : loaded 2 times (x 69B)
Class com.google.common.base.ExtraObjectsMethodsForWeb                                : loaded 2 times (x 67B)
Class org.jetbrains.org.objectweb.asm.tree.LookupSwitchInsnNode                       : loaded 2 times (x 74B)
Class com.google.common.reflect.Types$ClassOwnership$2                                : loaded 2 times (x 76B)
Class com.google.common.collect.MapMakerInternalMap$StrongValueEntry                  : loaded 2 times (x 66B)
Class org.jetbrains.kotlin.config.JvmDefaultMode                                      : loaded 2 times (x 75B)
Class org.jetbrains.plugins.gradle.model.ClasspathEntryModel                          : loaded 2 times (x 66B)
Class [Lcom.amazon.ion.SymbolToken;                                                   : loaded 2 times (x 65B)
Class ijInit3_5urk9fojx8mxk0h3c0xnskxx0                                               : loaded 2 times (x 175B)
Class com.android.builder.model.v2.dsl.SigningConfig                                  : loaded 2 times (x 66B)
Class org.jetbrains.kotlin.idea.gradleTooling.KotlinDslScriptAdditionalTask           : loaded 2 times (x 66B)
Class com.android.builder.model.v2.models.AndroidProject                              : loaded 2 times (x 66B)
Class com.android.builder.model.v2.AndroidModel                                       : loaded 2 times (x 66B)
Class org.jetbrains.kotlin.idea.gradleTooling.model.kapt.KaptGradleModel              : loaded 2 times (x 66B)
Class org.jetbrains.kotlin.cli.common.messages.CompilerMessageSourceLocation          : loaded 2 times (x 66B)
Class org.jetbrains.kotlin.config.JvmDefaultMode$Companion                            : loaded 2 times (x 67B)
Class com.google.common.cache.RemovalCause                                            : loaded 2 times (x 76B)
Class com.google.common.io.ByteSink                                                   : loaded 2 times (x 72B)
Class com.google.common.cache.CacheBuilder                                            : loaded 2 times (x 68B)
Class org.gradle.internal.classpath.ClassPath                                         : loaded 2 times (x 66B)
Class org.jetbrains.kotlin.load.kotlin.FileBasedKotlinClass$1                         : loaded 2 times (x 83B)
Class org.jetbrains.plugins.gradle.model.ExternalProjectDependency                    : loaded 2 times (x 66B)
Class org.jetbrains.plugins.gradle.tooling.serialization.KotlinDslScriptsModelSerializationService: loaded 2 times (x 77B)
Class org.gradle.internal.impldep.gnu.trove.PrimeFinder                               : loaded 2 times (x 67B)
Class kotlin.reflect.KFunction                                                        : loaded 2 times (x 66B)
Class kotlin.collections.ArrayDeque                                                   : loaded 2 times (x 203B)
Class com.google.common.collect.Interners$InternerBuilder                             : loaded 2 times (x 72B)
Class [Lcom.google.common.reflect.Types$JavaVersion;                                  : loaded 2 times (x 65B)
Class com.google.common.io.Files$FileByteSource                                       : loaded 2 times (x 81B)
Class com.google.common.base.JdkPattern                                               : loaded 2 times (x 71B)
Class org.jetbrains.kotlin.load.kotlin.FileBasedKotlinClass$2                         : loaded 2 times (x 83B)
Class [Lorg.jetbrains.org.objectweb.asm.Attribute;                                    : loaded 2 times (x 65B)
Class com.amazon.ion.system.IonSystemBuilder$Mutable                                  : loaded 2 times (x 71B)
Class com.amazon.ion.impl.bin.IonManagedBinaryWriter$SymbolResolverBuilder            : loaded 2 times (x 66B)
Class org.jetbrains.plugins.gradle.tooling.serialization.ExternalTestsSerializationService$WriteContext: loaded 2 times (x 68B)
Class org.jetbrains.kotlin.idea.gradleTooling.KotlinGradleModel                       : loaded 2 times (x 66B)
Class kotlin.jvm.internal.Lambda                                                      : loaded 2 times (x 71B)
Class com.google.common.io.CharStreams$NullWriter                                     : loaded 2 times (x 95B)
Class org.objectweb.asm.SymbolTable$Entry                                             : loaded 2 times (x 70B)
Class com.google.common.util.concurrent.AbstractFuture$AtomicHelper                   : loaded 2 times (x 74B)
Class org.jetbrains.org.objectweb.asm.ClassWriter                                     : loaded 2 times (x 100B)
Class org.jetbrains.kotlin.load.kotlin.FileBasedKotlinClass$3                         : loaded 2 times (x 73B)
Class jdk.internal.jimage.ImageStringsReader                                          : loaded 2 times (x 76B)
Class com.amazon.ion.impl._Private_RecyclingStack$Recycler                            : loaded 2 times (x 66B)
Class com.amazon.ion.impl.bin.IonManagedBinaryWriter$LocalSymbolTableView             : loaded 2 times (x 103B)
Class com.amazon.ion.impl.bin.IonRawBinaryWriter$ThrowingRunnable                     : loaded 2 times (x 66B)
Class com.android.ide.gradle.model.ArtifactIdentifier                                 : loaded 2 times (x 66B)
Class com.android.builder.model.v2.ide.Variant                                        : loaded 2 times (x 66B)
Class org.jetbrains.org.objectweb.asm.tree.TableSwitchInsnNode                        : loaded 2 times (x 75B)
Class org.gradle.tooling.model.Model                                                  : loaded 2 times (x 66B)
Class org.objectweb.asm.Edge                                                          : loaded 2 times (x 68B)
Class com.google.common.base.Suppliers$SupplierOfInstance                             : loaded 2 times (x 75B)
Class org.jetbrains.kotlin.load.kotlin.FileBasedKotlinClass$4                         : loaded 2 times (x 83B)
Class org.gradle.internal.service.UnknownServiceException                             : loaded 2 times (x 79B)
Class com.amazon.ion.UnknownSymbolException                                           : loaded 2 times (x 82B)
Class com.android.ide.gradle.model.composites.BuildMap                                : loaded 2 times (x 66B)
Class com.google.common.base.AbstractIterator$State                                   : loaded 2 times (x 75B)
Class com.google.common.cache.LocalCache$LocalLoadingCache                            : loaded 2 times (x 130B)
Class kotlin.text.MatchResult$Destructured                                            : loaded 2 times (x 68B)
Class kotlin.Metadata                                                                 : loaded 2 times (x 66B)
Class com.google.common.reflect.TypeToken$1                                           : loaded 2 times (x 106B)
Class com.google.common.cache.LocalCache$ComputingValueReference                      : loaded 2 times (x 92B)
Class jdk.internal.jimage.ImageReader                                                 : loaded 2 times (x 71B)
Class org.jetbrains.plugins.gradle.model.IntelliJProjectSettings                      : loaded 2 times (x 66B)
Class com.android.builder.model.v2.ide.Library                                        : loaded 2 times (x 66B)
Class com.android.builder.model.v2.ide.ArtifactDependenciesAdjacencyList              : loaded 2 times (x 66B)
Class kotlin.sequences.SequencesKt___SequencesKt$filterNotNull$1                      : loaded 2 times (x 74B)
Class com.android.builder.model.v2.models.Versions                                    : loaded 2 times (x 66B)
Class org.gradle.tooling.internal.adapter.ProtocolToModelAdapter$MethodInvocationCache: loaded 2 times (x 69B)
Class [Lorg.jetbrains.kotlin.cli.common.messages.CompilerMessageSeverity;             : loaded 2 times (x 65B)
Class com.google.common.collect.AbstractMapBasedMultimap$AsMap$AsMapEntries           : loaded 2 times (x 134B)
Class com.google.common.reflect.TypeToken$2                                           : loaded 2 times (x 106B)
Class com.google.common.cache.LocalCache$Segment                                      : loaded 2 times (x 150B)
Class jdk.internal.jimage.ImageReader$SharedImageReader                               : loaded 2 times (x 91B)
Class org.jetbrains.plugins.gradle.model.ExternalDependency                           : loaded 2 times (x 66B)
Class com.intellij.util.containers.IntObjectHashMap                                   : loaded 2 times (x 68B)
Class com.google.common.util.concurrent.AbstractFuture$SafeAtomicHelper               : loaded 2 times (x 75B)
Class com.google.common.collect.Sets$3                                                : loaded 2 times (x 135B)
Class [Lorg.objectweb.asm.AnnotationVisitor;                                          : loaded 2 times (x 65B)
Class com.android.builder.model.v2.models.ndk.NativeModule                            : loaded 2 times (x 66B)
Class [Lcom.google.common.base.Supplier;                                              : loaded 2 times (x 65B)
Class org.jetbrains.kotlin.utils.DescriptionAware                                     : loaded 2 times (x 66B)
Class [Lorg.objectweb.asm.SymbolTable$Entry;                                          : loaded 2 times (x 65B)
Class com.google.common.cache.CacheLoader                                             : loaded 2 times (x 70B)
Class com.google.common.collect.AbstractListMultimap                                  : loaded 2 times (x 168B)
Class org.gradle.internal.installation.GradleInstallation$1                           : loaded 2 times (x 71B)
Class org.gradle.api.internal.classpath.ModuleRegistry                                : loaded 2 times (x 66B)
Class org.jetbrains.org.objectweb.asm.AnnotationVisitor                               : loaded 2 times (x 73B)
Class jdk.internal.jimage.decompressor.ResourceDecompressorFactory                    : loaded 2 times (x 70B)
Class com.amazon.ion.impl.bin.IonManagedBinaryWriter$SymbolState$1                    : loaded 2 times (x 76B)
Class com.amazon.ion.impl.LocalSymbolTableAsStruct$Factory                            : loaded 2 times (x 75B)
Class [Lcom.amazon.ion.IonType;                                                       : loaded 2 times (x 65B)
Class com.intellij.gradle.toolingExtension.impl.model.sourceSetDependencyModel.GradleSourceSetDependencySerialisationService$SourceSetDependencyModelReadContext: loaded 2 times (x 68B)
Class com.intellij.gradle.toolingExtension.impl.model.dependencyModel.DependencyReadContext: loaded 2 times (x 68B)
Class org.jetbrains.plugins.gradle.model.VersionCatalogsModel                         : loaded 2 times (x 66B)
Class com.android.builder.model.v2.ide.PrivacySandboxSdkInfo                          : loaded 2 times (x 66B)
Class com.google.common.reflect.Types$ClassOwnership$1                                : loaded 2 times (x 76B)
Class com.android.ide.common.repository.AgpVersion$PreviewKind$Companion              : loaded 2 times (x 67B)
Class org.gradle.tooling.internal.adapter.ObjectGraphAdapter                          : loaded 2 times (x 66B)
Class org.apache.commons.io.output.NullWriter                                         : loaded 2 times (x 95B)
Class com.google.common.util.concurrent.internal.InternalFutureFailureAccess          : loaded 2 times (x 68B)
Class com.google.common.collect.ImmutableSet$JdkBackedSetBuilderImpl                  : loaded 2 times (x 72B)
Class com.google.common.base.Splitter$SplittingIterator                               : loaded 2 times (x 80B)
Class com.google.common.collect.MapMakerInternalMap$Strength$2                        : loaded 2 times (x 76B)
Class org.jetbrains.kotlin.cli.common.CompilerSystemProperties                        : loaded 2 times (x 76B)
Class org.jetbrains.plugins.gradle.model.ProjectImportModelProvider                   : loaded 2 times (x 66B)
Class org.jetbrains.plugins.gradle.model.ExternalSourceSet                            : loaded 2 times (x 66B)
Class com.amazon.ion.impl.bin.IonManagedBinaryWriter$SymbolState$2                    : loaded 2 times (x 76B)
Class com.amazon.ion.IonNull                                                          : loaded 2 times (x 66B)
Class com.intellij.gradle.toolingExtension.impl.model.warmUp.GradleTaskWarmUpRequest  : loaded 2 times (x 66B)
Class kotlin.collections.CollectionsKt___CollectionsKt$asSequence$$inlined$Sequence$1 : loaded 2 times (x 71B)
Class com.android.builder.model.v2.ide.Installation                                   : loaded 2 times (x 66B)
Class com.google.common.collect.ImmutableSortedAsList                                 : loaded 2 times (x 217B)
Class kotlin.text.RegexKt                                                             : loaded 2 times (x 67B)
Class kotlin.coroutines.intrinsics.IntrinsicsKt__IntrinsicsKt                         : loaded 2 times (x 67B)
Class com.google.common.collect.ImmutableMultimap$Values                              : loaded 2 times (x 122B)
Class com.google.common.io.Closer$SuppressingSuppressor                               : loaded 2 times (x 71B)
Class com.google.common.collect.Iterators$6                                           : loaded 2 times (x 77B)
Class com.google.common.util.concurrent.AbstractFuture$UnsafeAtomicHelper             : loaded 2 times (x 74B)
Class com.google.common.cache.LocalCache$LocalManualCache$1                           : loaded 2 times (x 71B)
Class org.gradle.internal.impldep.gnu.trove.TObjectHash$NULL                          : loaded 2 times (x 67B)
Class com.amazon.ion.impl.lite.IonBoolLite                                            : loaded 2 times (x 174B)
Class jdk.internal.jimage.ImageReader$Node                                            : loaded 2 times (x 80B)
Class com.amazon.ion.impl.bin.IonRawBinaryWriter$ContainerInfo                        : loaded 2 times (x 70B)
Class com.amazon.ion.impl.bin.IonManagedBinaryWriter$SymbolState$3                    : loaded 2 times (x 76B)
Class com.amazon.ion.impl.bin.IonRawBinaryWriter$StreamFlushMode                      : loaded 2 times (x 75B)
Class com.amazon.ion.IonBinaryWriter                                                  : loaded 2 times (x 66B)
Class com.intellij.gradle.toolingExtension.impl.model.sourceSetArtifactIndex.GradleSourceSetArtifactBuildRequest: loaded 2 times (x 66B)
Class jdk.internal.jrtfs.SystemImage                                                  : loaded 2 times (x 70B)
Class com.android.builder.model.v2.models.ModelBuilderParameter                       : loaded 2 times (x 66B)
Class com.google.common.collect.Lists$TransformingRandomAccessList                    : loaded 2 times (x 195B)
Class org.gradle.api.internal.ClassPathProvider                                       : loaded 2 times (x 66B)
Class org.jetbrains.kotlin.config.AnalysisFlag                                        : loaded 2 times (x 68B)
Class org.gradle.api.internal.classpath.DefaultModuleRegistry                         : loaded 2 times (x 82B)
Class org.jetbrains.org.objectweb.asm.AnnotationWriter                                : loaded 2 times (x 74B)
Class org.jetbrains.kotlin.load.kotlin.KotlinJvmBinaryClass$AnnotationVisitor         : loaded 2 times (x 66B)
Class [Lorg.gradle.api.internal.ClassPathProvider;                                    : loaded 2 times (x 65B)
Class com.google.common.collect.Sets$2                                                : loaded 2 times (x 135B)
Class org.jetbrains.kotlin.build.report.metrics.GradleBuildTime$Companion             : loaded 2 times (x 67B)
Class jdk.internal.jimage.BasicImageReader$1                                          : loaded 2 times (x 73B)
Class com.amazon.ion.impl.bin.IonManagedBinaryWriter$SymbolState$4                    : loaded 2 times (x 76B)
Class org.jetbrains.plugins.gradle.tooling.serialization.internal.IdeaProjectSerializationService$WriteContext$1: loaded 2 times (x 79B)
Class org.jetbrains.plugins.gradle.model.ExternalProject                              : loaded 2 times (x 66B)
Class com.google.common.collect.Maps$ViewCachingAbstractMap                           : loaded 2 times (x 121B)
Class [Lcom.google.common.base.Function;                                              : loaded 2 times (x 65B)
Class com.google.common.util.concurrent.ListenableFuture                              : loaded 2 times (x 66B)
Class com.google.common.cache.ReferenceEntry                                          : loaded 2 times (x 66B)
Class com.google.common.base.Converter                                                : loaded 2 times (x 86B)
Class com.google.common.base.CharMatcher$Any                                          : loaded 2 times (x 108B)
Class com.google.common.collect.MapMakerInternalMap$Strength$1                        : loaded 2 times (x 76B)
Class com.amazon.ion.impl.bin.utf8.Pool                                               : loaded 2 times (x 70B)
Class com.amazon.ion.impl._Private_SymtabExtendsCache                                 : loaded 2 times (x 68B)
Class org.jetbrains.plugins.gradle.tooling.serialization.internal.IdeaProjectSerializationService$WriteContext$2: loaded 2 times (x 79B)
Class [Lcom.android.builder.model.v2.ide.CodeShrinker;                                : loaded 2 times (x 65B)
Class kotlin.sequences.SequenceScope                                                  : loaded 2 times (x 69B)
Class org.gradle.tooling.ToolingModelContract                                         : loaded 2 times (x 66B)
Class com.google.common.util.concurrent.AbstractFuture                                : loaded 2 times (x 102B)
Class com.google.common.base.FunctionalEquivalence                                    : loaded 2 times (x 79B)
Class com.google.common.collect.AbstractMapBasedMultimap                              : loaded 2 times (x 135B)
Class kotlin.LazyKt__LazyJVMKt                                                        : loaded 2 times (x 67B)
Class com.amazon.ion.impl._Private_IonSymbol                                          : loaded 2 times (x 66B)
Class com.amazon.ion.impl.lite.IonValueLite                                           : loaded 2 times (x 143B)
Class com.amazon.ion.IonContainer                                                     : loaded 2 times (x 66B)
Class com.amazon.ion.impl.bin.PooledBlockAllocatorProvider                            : loaded 2 times (x 69B)
Class org.jetbrains.plugins.gradle.tooling.serialization.AnnotationProcessingModelSerializationService$ReadContext: loaded 2 times (x 68B)
Class org.jetbrains.plugins.gradle.tooling.serialization.internal.IdeaProjectSerializationService$WriteContext$3: loaded 2 times (x 79B)
Class com.android.ide.gradle.model.artifacts.AdditionalClassifierArtifacts            : loaded 2 times (x 66B)
Class org.gradle.util.internal.DefaultGradleVersion$Stage                             : loaded 2 times (x 71B)
Class kotlin.coroutines.jvm.internal.RestrictedContinuationImpl                       : loaded 2 times (x 83B)
Class com.google.common.io.CharStreams                                                : loaded 2 times (x 67B)
Class org.jetbrains.kotlin.config.ExplicitApiMode                                     : loaded 2 times (x 75B)
Class com.google.common.collect.ImmutableMultiset                                     : loaded 2 times (x 159B)
Class com.google.common.reflect.TypeResolver$TypeTable                                : loaded 2 times (x 69B)
Class org.objectweb.asm.RecordComponentVisitor                                        : loaded 2 times (x 73B)
Class com.google.common.cache.CacheLoader$SupplierToCacheLoader                       : loaded 2 times (x 71B)
Class com.android.builder.model.v2.models.BasicAndroidProject                         : loaded 2 times (x 66B)
Class kotlin.text.MatchResult                                                         : loaded 2 times (x 66B)
Class jdk.internal.jimage.decompressor.Decompressor                                   : loaded 2 times (x 68B)
Class jdk.internal.jimage.ImageReader$Resource                                        : loaded 2 times (x 80B)
Class org.jetbrains.kotlin.idea.gradleTooling.AndroidAwareGradleModelProvider         : loaded 2 times (x 79B)
Class org.jetbrains.plugins.gradle.tooling.serialization.internal.IdeaProjectSerializationService$WriteContext$4: loaded 2 times (x 79B)
Class com.intellij.gradle.toolingExtension.impl.model.sourceSetDependencyModel.GradleSourceSetDependencySerialisationService$Companion: loaded 2 times (x 67B)
Class [Lkotlin.Pair;                                                                  : loaded 2 times (x 65B)
Class com.google.common.collect.UsingToStringOrdering                                 : loaded 2 times (x 110B)
Class kotlin.text.MatchNamedGroupCollection                                           : loaded 2 times (x 66B)
Class kotlin.jvm.internal.markers.KMutableList                                        : loaded 2 times (x 66B)
Class org.gradle.internal.time.MonotonicClock                                         : loaded 2 times (x 73B)
Class org.jetbrains.kotlin.cli.common.CompilerSystemProperties$value$1                : loaded 2 times (x 121B)
Class com.google.common.reflect.TypeResolver$TypeTable$1                              : loaded 2 times (x 69B)
Class com.google.common.collect.Maps$EntryTransformer                                 : loaded 2 times (x 66B)
Class org.gradle.internal.service.ServiceLookupException                              : loaded 2 times (x 78B)
Class jdk.internal.jrtfs.JrtFileAttributes                                            : loaded 2 times (x 79B)
Class com.amazon.ion.BufferConfiguration$Builder                                      : loaded 2 times (x 74B)
Class org.jetbrains.plugins.gradle.tooling.serialization.internal.IdeaProjectSerializationService$WriteContext$5: loaded 2 times (x 79B)
Class com.intellij.gradle.toolingExtension.impl.model.sourceSetDependencyModel.GradleSourceSetDependencySerialisationService$SourceSetDependencyModelWriteContext: loaded 2 times (x 68B)
Class [Lkotlin.sequences.Sequence;                                                    : loaded 2 times (x 65B)
Class kotlin.sequences.SequencesKt___SequencesKt$sortedWith$1                         : loaded 2 times (x 71B)
Class com.google.common.collect.Lists$ReverseList                                     : loaded 2 times (x 196B)
Class com.google.common.collect.NaturalOrdering                                       : loaded 2 times (x 111B)
Class [Lcom.google.common.cache.LocalCache$EntryFactory;                              : loaded 2 times (x 65B)
Class com.google.common.base.CharMatcher$JavaLetter                                   : loaded 2 times (x 107B)
Class com.amazon.ion.SymbolToken                                                      : loaded 2 times (x 66B)
Class com.amazon.ion.impl.bin.IntList                                                 : loaded 2 times (x 73B)
Class com.amazon.ion.impl._Private_RecyclingQueue$ElementIterator                     : loaded 2 times (x 78B)
Class com.amazon.ion.impl.lite._Private_LiteDomTrampoline                             : loaded 2 times (x 67B)
Class com.amazon.ion.IonType                                                          : loaded 2 times (x 75B)
Class org.jetbrains.plugins.gradle.tooling.serialization.internal.IdeaProjectSerializationService$WriteContext$6: loaded 2 times (x 79B)
Class org.jetbrains.plugins.gradle.tooling.util.IntObjectMap                          : loaded 2 times (x 69B)
Class com.amazon.ion.impl.bin.IonRawBinaryWriter                                      : loaded 2 times (x 165B)
Class com.amazon.ion.impl.SharedSymbolTable                                           : loaded 2 times (x 89B)
Class com.android.builder.model.v2.ide.LibraryInfo                                    : loaded 2 times (x 66B)
Class org.apache.commons.io.CloseableURLConnection                                    : loaded 2 times (x 112B)
Class com.google.common.cache.LocalCache$LocalManualCache                             : loaded 2 times (x 95B)
Class com.google.common.base.CommonPattern                                            : loaded 2 times (x 70B)
Class org.gradle.internal.service.CachingServiceLocator                               : loaded 2 times (x 78B)
Class com.amazon.ion.impl.lite.ValueFactoryLite                                       : loaded 2 times (x 214B)
Class org.jetbrains.plugins.gradle.tooling.serialization.internal.IdeaProjectSerializationService$WriteContext$7: loaded 2 times (x 79B)
Class org.jetbrains.plugins.gradle.model.RepositoryModels                             : loaded 2 times (x 66B)
Class com.amazon.ion.impl._Private_RecyclingStack$$Iterator                           : loaded 2 times (x 95B)
Class kotlin.collections.AbstractList$SubList                                         : loaded 2 times (x 194B)
Class kotlin.jvm.internal.CallableReference                                           : loaded 2 times (x 102B)
Class com.google.common.collect.Streams                                               : loaded 2 times (x 67B)
Class com.google.common.collect.AbstractMapBasedMultimap$KeySet                       : loaded 2 times (x 133B)
Class com.google.common.math.IntMath                                                  : loaded 2 times (x 67B)
Class org.jetbrains.org.objectweb.asm.tree.AnnotationNode                             : loaded 2 times (x 75B)
Class org.jetbrains.kotlin.build.report.metrics.BuildTime                             : loaded 2 times (x 66B)
Class com.amazon.ion.impl.bin.WriteBuffer                                             : loaded 2 times (x 74B)
Class com.amazon.ion.impl.bin.IonManagedBinaryWriter                                  : loaded 2 times (x 162B)
Class org.jetbrains.plugins.gradle.tooling.serialization.internal.IdeaProjectSerializationService$WriteContext$8: loaded 2 times (x 79B)
Class [Lorg.gradle.api.JavaVersion;                                                   : loaded 2 times (x 65B)
Class org.gradle.api.internal.DefaultClassPathProvider                                : loaded 2 times (x 72B)
Class kotlin.ranges.IntRange                                                          : loaded 2 times (x 89B)
Class org.gradle.tooling.model.idea.IdeaDependencyScope                               : loaded 2 times (x 66B)
Class org.gradle.internal.time.TimeSource                                             : loaded 2 times (x 66B)
Class org.gradle.tooling.model.kotlin.dsl.KotlinDslScriptsModel                       : loaded 2 times (x 66B)
Class com.google.common.collect.MapMakerInternalMap$InternalEntry                     : loaded 2 times (x 66B)
Class com.google.common.reflect.Types$TypeVariableInvocationHandler                   : loaded 2 times (x 71B)
Class com.google.common.collect.Iterators$10                                          : loaded 2 times (x 77B)
Class com.google.common.base.CharMatcher$JavaDigit                                    : loaded 2 times (x 107B)
Class com.google.common.base.Splitter                                                 : loaded 2 times (x 68B)
Class org.objectweb.asm.AnnotationVisitor                                             : loaded 2 times (x 74B)
Class org.jetbrains.kotlin.build.report.metrics.DoNothingBuildMetricsReporter         : loaded 2 times (x 82B)
Class com.amazon.ion.impl.lite.IonBlobLite                                            : loaded 2 times (x 215B)
Class com.amazon.ion.impl.LocalSymbolTable                                            : loaded 2 times (x 117B)
Class org.jetbrains.plugins.gradle.tooling.serialization.SerializationService         : loaded 2 times (x 66B)
Class com.google.common.collect.Sets$1                                                : loaded 2 times (x 135B)
Class com.google.common.collect.Iterators$EmptyModifiableIterator                     : loaded 2 times (x 82B)
Class com.android.builder.model.v2.ide.TestInfo                                       : loaded 2 times (x 66B)
Class com.google.common.collect.ComparatorOrdering                                    : loaded 2 times (x 111B)
Class org.gradle.tooling.internal.gradle.GradleBuildIdentity                          : loaded 2 times (x 66B)
Class com.google.common.base.Predicates                                               : loaded 2 times (x 67B)
Class com.google.common.base.Equivalence                                              : loaded 2 times (x 78B)
Class com.android.ide.common.gradle.Numeric                                           : loaded 2 times (x 73B)
Class kotlin.jvm.internal.ArrayIteratorKt                                             : loaded 2 times (x 67B)
Class com.amazon.ion.IonList                                                          : loaded 2 times (x 66B)
Class org.jetbrains.plugins.gradle.tooling.serialization.internal.adapter.Supplier    : loaded 2 times (x 66B)
Class com.android.builder.model.v2.ide.JavaCompileOptions                             : loaded 2 times (x 66B)
Class org.gradle.internal.impldep.gnu.trove.TObjectIntHashMap                         : loaded 2 times (x 105B)
Class org.gradle.tooling.internal.adapter.ProtocolToModelAdapter$MixInMappingAction   : loaded 2 times (x 76B)
Class org.gradle.internal.exceptions.ResolutionProvider                               : loaded 2 times (x 66B)
Class [Lorg.jetbrains.kotlin.cli.common.CompilerSystemProperties;                     : loaded 2 times (x 65B)
Class org.apache.commons.io.output.AbstractByteArrayOutputStream                      : loaded 2 times (x 98B)
Class com.google.common.collect.IndexedImmutableSet$1                                 : loaded 2 times (x 208B)
Class com.google.common.cache.CacheBuilder$OneWeigher                                 : loaded 2 times (x 78B)
Class org.jetbrains.kotlin.load.kotlin.FileBasedKotlinClass                           : loaded 2 times (x 84B)
Class com.intellij.gradle.toolingExtension.impl.model.buildScriptClasspathModel.GradleBuildScriptClasspathSerializationService$ReadContext: loaded 2 times (x 68B)
Class jdk.internal.jimage.ImageBufferCache                                            : loaded 2 times (x 67B)
Class jdk.internal.jrtfs.JrtPath                                                      : loaded 2 times (x 114B)
Class com.amazon.ion.IonSystem                                                        : loaded 2 times (x 66B)
Class com.amazon.ion.impl.bin.IonManagedBinaryWriter$ImportedSymbolContext            : loaded 2 times (x 68B)
Class kotlin.text.MatchResult$DefaultImpls                                            : loaded 2 times (x 67B)
Class org.gradle.tooling.model.idea.IdeaCompilerOutput                                : loaded 2 times (x 66B)
Class org.gradle.tooling.model.ProjectIdentifier                                      : loaded 2 times (x 66B)
Class com.google.common.reflect.Types$ClassOwnership$1LocalClass                      : loaded 2 times (x 67B)
Class com.google.common.collect.Maps$EntryFunction                                    : loaded 2 times (x 87B)
Class com.google.common.collect.ImmutableBiMapFauxverideShim                          : loaded 2 times (x 116B)
Class org.gradle.internal.classloader.ClasspathUtil                                   : loaded 2 times (x 67B)
Class org.jetbrains.kotlin.metadata.jvm.deserialization.JvmMemberSignature            : loaded 2 times (x 70B)
Class org.jetbrains.kotlin.load.kotlin.header.KotlinClassHeader$Kind                  : loaded 2 times (x 75B)
Class org.jetbrains.kotlin.load.kotlin.KotlinJvmBinaryClass$AnnotationArgumentVisitor : loaded 2 times (x 66B)
Class com.amazon.ion.impl._Private_IonContainer                                       : loaded 2 times (x 66B)
Class com.intellij.gradle.toolingExtension.impl.model.sourceSetModel.GradleSourceSetSerialisationService: loaded 2 times (x 73B)
Class com.android.builder.model.v2.ide.ComponentInfo                                  : loaded 2 times (x 66B)
Class com.android.builder.model.v2.ide.ProjectType                                    : loaded 2 times (x 75B)
Class org.jetbrains.kotlin.tooling.core.HasExtras                                     : loaded 2 times (x 66B)
Class com.google.common.base.Charsets                                                 : loaded 2 times (x 67B)
Class com.google.common.util.concurrent.Uninterruptibles                              : loaded 2 times (x 67B)
Class org.jetbrains.org.objectweb.asm.ModuleVisitor                                   : loaded 2 times (x 76B)
Class com.amazon.ion.impl.lite.IonIntLite                                             : loaded 2 times (x 185B)
Class com.amazon.ion.util._Private_FastAppendable                                     : loaded 2 times (x 66B)
Class [Lcom.amazon.ion.impl.bin.IonRawBinaryWriter$PreallocationMode;                 : loaded 2 times (x 65B)
Class kotlin.sequences.DistinctSequence                                               : loaded 2 times (x 71B)
Class com.android.builder.model.v2.dsl.BaseConfig                                     : loaded 2 times (x 66B)
Class org.gradle.internal.time.TimeSource$1                                           : loaded 2 times (x 73B)
Class kotlin.jvm.internal.DefaultConstructorMarker                                    : loaded 2 times (x 67B)
Class com.google.common.io.CharSource                                                 : loaded 2 times (x 81B)
Class com.google.common.collect.Maps                                                  : loaded 2 times (x 67B)
Class com.google.common.base.CharMatcher$JavaUpperCase                                : loaded 2 times (x 107B)
Class org.gradle.api.specs.Spec                                                       : loaded 2 times (x 66B)
Class com.amazon.ion.impl._Private_RecyclingQueue$ElementFactory                      : loaded 2 times (x 66B)
Class jdk.internal.jimage.ImageReader$SharedImageReader$LocationVisitor               : loaded 2 times (x 66B)
Class com.amazon.ion.impl.lite.IonSexpLite                                            : loaded 2 times (x 486B)
Class com.amazon.ion.impl.lite.IonListLite                                            : loaded 2 times (x 486B)
Class com.amazon.ion.IonFloat                                                         : loaded 2 times (x 66B)
Class com.google.common.collect.ListMultimap                                          : loaded 2 times (x 66B)
Class org.apache.commons.io.file.PathFilter                                           : loaded 2 times (x 66B)
Class com.google.common.collect.MapMaker                                              : loaded 2 times (x 68B)
Class com.google.common.reflect.Types$JavaVersion                                     : loaded 2 times (x 79B)
Class org.jetbrains.org.objectweb.asm.Symbol                                          : loaded 2 times (x 69B)
Class com.amazon.ion.impl.LocalSymbolTable$Factory                                    : loaded 2 times (x 73B)
Class com.amazon.ion.impl.bin.IonManagedBinaryWriter$ImportedSymbolResolverMode       : loaded 2 times (x 76B)
Class com.intellij.gradle.toolingExtension.impl.model.buildScriptClasspathModel.GradleBuildScriptClasspathSerializationService: loaded 2 times (x 73B)
Class kotlin.jvm.internal.ArrayIterator                                               : loaded 2 times (x 75B)
Class com.google.common.collect.Sets$3$1                                              : loaded 2 times (x 78B)
Class com.google.common.cache.LocalCache$LoadingValueReference                        : loaded 2 times (x 92B)
Class kotlin.SynchronizedLazyImpl                                                     : loaded 2 times (x 72B)
Class com.google.common.collect.ImmutableEnumMap                                      : loaded 2 times (x 121B)
Class com.google.common.collect.AbstractIterator$1                                    : loaded 2 times (x 67B)
Class jdk.internal.jimage.decompressor.ResourceDecompressorRepository                 : loaded 2 times (x 67B)
Class com.amazon.ion.impl.LocalSymbolTableAsStruct                                    : loaded 2 times (x 122B)
Class com.amazon.ion.impl.lite.IonTimestampLite                                       : loaded 2 times (x 188B)
Class org.jetbrains.plugins.gradle.model.FileCollectionDependency                     : loaded 2 times (x 66B)
Class org.gradle.internal.impldep.gnu.trove.TObjectHashingStrategy                    : loaded 2 times (x 66B)
Class com.intellij.gradle.toolingExtension.impl.model.utilDummyModel.DummyModel       : loaded 2 times (x 66B)
Class kotlin.collections.EmptyIterator                                                : loaded 2 times (x 85B)
Class org.gradle.internal.time.Clock                                                  : loaded 2 times (x 66B)
Class com.google.common.io.LineReader$1                                               : loaded 2 times (x 71B)
Class com.google.common.collect.AbstractMapBasedMultimap$AsMap                        : loaded 2 times (x 124B)
Class com.google.common.collect.MapMakerInternalMap$StrongKeyDummyValueEntry          : loaded 2 times (x 78B)
Class com.google.common.reflect.Invokable$MethodInvokable                             : loaded 2 times (x 103B)
Class com.google.common.collect.CollectSpliterators                                   : loaded 2 times (x 67B)
Class com.google.common.base.Platform                                                 : loaded 2 times (x 67B)
Class org.jetbrains.kotlin.load.kotlin.header.ReadKotlinClassHeaderAnnotationVisitor  : loaded 2 times (x 76B)
Class com.google.common.collect.CollectSpliterators$1WithCharacteristics              : loaded 2 times (x 86B)
Class org.apache.commons.io.output.StringBuilderWriter                                : loaded 2 times (x 96B)
Class [Lorg.apache.commons.io.StandardLineSeparator;                                  : loaded 2 times (x 65B)
Class org.gradle.tooling.internal.gradle.DefaultProjectIdentifier                     : loaded 2 times (x 82B)
Class jdk.internal.jimage.ImageReader$Directory                                       : loaded 2 times (x 80B)
Class com.amazon.ion.IonString                                                        : loaded 2 times (x 66B)
Class org.jetbrains.plugins.gradle.model.GradleSourceSetDependencyModel               : loaded 2 times (x 66B)
Class [Lcom.android.builder.model.v2.ide.TestInfo$Execution;                          : loaded 2 times (x 65B)
Class kotlin.io.FilePathComponents                                                    : loaded 2 times (x 68B)
Class com.android.builder.model.v2.dsl.ProductFlavor                                  : loaded 2 times (x 66B)
Class com.google.common.collect.CompoundOrdering                                      : loaded 2 times (x 111B)
Class kotlin.coroutines.jvm.internal.RestrictedSuspendLambda                          : loaded 2 times (x 87B)
Class org.gradle.tooling.internal.adapter.TypeInspector                               : loaded 2 times (x 69B)
Class org.gradle.tooling.internal.adapter.ProtocolToModelAdapter$NoOpDecoration       : loaded 2 times (x 75B)
Class org.gradle.tooling.model.Element                                                : loaded 2 times (x 66B)
Class com.google.common.collect.AbstractMapBasedMultimap$WrappedList                  : loaded 2 times (x 201B)
Class [Lorg.objectweb.asm.AnnotationWriter;                                           : loaded 2 times (x 65B)
Class com.google.common.primitives.Ints$IntConverter                                  : loaded 2 times (x 86B)
Class com.google.common.collect.Maps$8                                                : loaded 2 times (x 78B)
Class org.jetbrains.org.objectweb.asm.tree.LineNumberNode                             : loaded 2 times (x 75B)
Class org.jetbrains.kotlin.utils.StringsKt                                            : loaded 2 times (x 67B)
Class kotlin.LazyKt__LazyKt                                                           : loaded 2 times (x 67B)
Class com.android.builder.model.v2.models.AndroidDsl                                  : loaded 2 times (x 66B)
Class com.amazon.ion.BufferConfiguration                                              : loaded 2 times (x 69B)
Class com.amazon.ion.system.SimpleCatalog                                             : loaded 2 times (x 87B)
Class com.intellij.gradle.toolingExtension.impl.model.taskModel.GradleTaskSerialisationService: loaded 2 times (x 72B)
Class com.android.ide.gradle.model.LegacyV1AgpVersionModel                            : loaded 2 times (x 66B)
Class com.google.common.collect.Lists$ReverseList$1                                   : loaded 2 times (x 95B)
Class com.amazon.ion.IonWriter                                                        : loaded 2 times (x 66B)
Class kotlin.text.Regex                                                               : loaded 2 times (x 68B)
Class kotlin.sequences.SequencesKt__SequenceBuilderKt$sequence$$inlined$Sequence$1    : loaded 2 times (x 71B)
Class org.jetbrains.kotlin.tooling.core.Extras                                        : loaded 2 times (x 66B)
Class [Lcom.google.common.collect.Iterators$EmptyModifiableIterator;                  : loaded 2 times (x 65B)
Class com.google.common.base.Predicates$CompositionPredicate                          : loaded 2 times (x 84B)
Class com.google.common.collect.Sets$SetView                                          : loaded 2 times (x 134B)
Class com.google.common.cache.LocalCache$StrongValueReference                         : loaded 2 times (x 86B)
Class com.google.common.util.concurrent.AbstractFuture$SynchronizedHelper             : loaded 2 times (x 74B)
Class com.google.common.base.CharMatcher$Invisible                                    : loaded 2 times (x 108B)
Class org.jetbrains.kotlin.metadata.deserialization.BinaryVersion$Companion           : loaded 2 times (x 67B)
Class kotlin.UNINITIALIZED_VALUE                                                      : loaded 2 times (x 67B)
Class org.jetbrains.plugins.gradle.tooling.util.IntObjectMap$1                        : loaded 2 times (x 73B)
Class org.gradle.internal.impldep.com.google.common.base.Preconditions                : loaded 2 times (x 67B)
Class org.gradle.tooling.model.internal.ImmutableDomainObjectSet                      : loaded 2 times (x 151B)
Class [Lorg.jetbrains.kotlin.config.JVMAssertionsMode;                                : loaded 2 times (x 65B)
Class org.jetbrains.kotlin.config.JVMAssertionsMode                                   : loaded 2 times (x 75B)
Class com.google.common.graph.SuccessorsFunction                                      : loaded 2 times (x 66B)
Class org.objectweb.asm.Type                                                          : loaded 2 times (x 68B)
Class org.gradle.internal.classloader.VisitableURLClassLoader$InstrumentingVisitableURLClassLoader: loaded 2 times (x 119B)
Class com.amazon.ion.impl.bin._Private_IonRawWriter                                   : loaded 2 times (x 66B)
Class com.amazon.ion.impl.bin.IonRawBinaryWriter$PreallocationMode                    : loaded 2 times (x 78B)
Class com.amazon.ion.impl.lite.IonSystemLite                                          : loaded 2 times (x 271B)
Class org.jetbrains.kotlin.metadata.jvm.deserialization.JvmMetadataVersion            : loaded 2 times (x 70B)
Class org.gradle.api.internal.classpath.EffectiveClassPath                            : loaded 2 times (x 86B)
Class kotlin.sequences.SequencesKt___SequencesKt$flatMap$2                            : loaded 2 times (x 121B)
Class [Lcom.amazon.ion.impl.bin.IonRawBinaryWriter$StreamFlushMode;                   : loaded 2 times (x 65B)
Class com.amazon.ion.UnsupportedIonVersionException                                   : loaded 2 times (x 81B)
Class [Lcom.android.builder.model.v2.ide.AndroidGradlePluginProjectFlags$BooleanFlag; : loaded 2 times (x 65B)
Class com.android.builder.model.v2.ide.AndroidGradlePluginProjectFlags                : loaded 2 times (x 66B)
Class com.android.builder.model.v2.ide.BasicVariant                                   : loaded 2 times (x 66B)
Class kotlin.coroutines.Continuation                                                  : loaded 2 times (x 66B)
Class org.apache.commons.io.FileUtils                                                 : loaded 2 times (x 67B)
Class com.google.common.collect.MapMakerInternalMap$StrongKeyDummyValueEntry$Helper   : loaded 2 times (x 75B)
Class com.google.common.io.Files$FileByteSink                                         : loaded 2 times (x 73B)
Class org.objectweb.asm.ByteVector                                                    : loaded 2 times (x 75B)
Class [Lcom.google.common.cache.CacheBuilder$NullListener;                            : loaded 2 times (x 65B)
Class com.google.common.math.IntMath$1                                                : loaded 2 times (x 67B)
Class org.gradle.internal.classloader.VisitableURLClassLoader$Spec                    : loaded 2 times (x 70B)
Class org.gradle.internal.classpath.DefaultClassPath                                  : loaded 2 times (x 86B)
Class [Lcom.android.ide.common.repository.AgpVersion$PreviewKind;                     : loaded 2 times (x 65B)
Class com.google.common.collect.Ordering                                              : loaded 2 times (x 110B)
Class org.jetbrains.plugins.gradle.tooling.serialization.internal.IdeaProjectSerializationService: loaded 2 times (x 73B)
Class [Lorg.jetbrains.kotlin.build.report.metrics.GradleBuildTime;                    : loaded 2 times (x 65B)
Class jdk.internal.jimage.decompressor.ZipDecompressorFactory                         : loaded 2 times (x 70B)
Class com.amazon.ion.impl.bin.IonManagedBinaryWriter$SymbolState                      : loaded 2 times (x 76B)
Class com.amazon.ion.IonStruct                                                        : loaded 2 times (x 66B)
Class org.jetbrains.plugins.gradle.model.GradleBuildScriptClasspathModel              : loaded 2 times (x 66B)
Class kotlin.text.CharsKt__CharJVMKt                                                  : loaded 2 times (x 67B)
Class com.android.builder.model.v2.ide.BundleInfo                                     : loaded 2 times (x 66B)
Class com.android.builder.model.v2.ide.SourceProvider                                 : loaded 2 times (x 66B)
Class kotlin.coroutines.jvm.internal.BaseContinuationImpl                             : loaded 2 times (x 83B)
Class kotlin.Result$Companion                                                         : loaded 2 times (x 67B)
Class org.gradle.util.internal.DefaultGradleVersion                                   : loaded 2 times (x 80B)
Class com.google.common.reflect.Types$ClassOwnership                                  : loaded 2 times (x 76B)
Class org.objectweb.asm.Symbol                                                        : loaded 2 times (x 69B)
Class com.google.common.base.AbstractIterator                                         : loaded 2 times (x 76B)
Class org.jetbrains.kotlin.idea.projectModel.KotlinTaskProperties                     : loaded 2 times (x 66B)
Class org.jetbrains.org.objectweb.asm.ClassReader                                     : loaded 2 times (x 87B)
Class org.jetbrains.org.objectweb.asm.tree.FrameNode                                  : loaded 2 times (x 75B)
Class com.google.common.io.Java8Compatibility                                         : loaded 2 times (x 67B)
Class com.google.common.io.Closer                                                     : loaded 2 times (x 74B)
Class com.google.common.collect.Sets$FilteredSet                                      : loaded 2 times (x 133B)
Class com.google.common.base.CharMatcher$Ascii                                        : loaded 2 times (x 108B)
Class org.gradle.internal.classloader.ClassLoaderSpec                                 : loaded 2 times (x 67B)
Class org.jetbrains.org.objectweb.asm.tree.AbstractInsnNode                           : loaded 2 times (x 74B)
Class org.gradle.internal.classloader.ClassLoaderVisitor                              : loaded 2 times (x 72B)
Class com.amazon.ion.impl.IonWriterSystemTextMarkup                                   : loaded 2 times (x 188B)
Class com.amazon.ion.impl.bin.BlockAllocator                                          : loaded 2 times (x 76B)
Class kotlin.jvm.internal.FunctionReferenceImpl                                       : loaded 2 times (x 118B)
Class com.google.common.io.ByteSource$EmptyByteSource                                 : loaded 2 times (x 81B)
Class org.objectweb.asm.AnnotationWriter                                              : loaded 2 times (x 75B)
Class com.google.common.cache.CacheStats                                              : loaded 2 times (x 67B)
Class com.google.common.base.CharMatcher$None                                         : loaded 2 times (x 108B)
Class [Lcom.google.common.collect.AbstractIterator$State;                             : loaded 2 times (x 65B)
Class org.jetbrains.kotlin.load.kotlin.header.KotlinClassHeader$Kind$Companion        : loaded 2 times (x 67B)
Class com.google.common.io.ByteSource$ConcatenatedByteSource                          : loaded 2 times (x 81B)
Class org.jetbrains.kotlin.config.LanguageVersionSettings                             : loaded 2 times (x 66B)
Class com.amazon.ion.impl._Private_RecyclingQueue                                     : loaded 2 times (x 76B)
Class com.amazon.ion.system.IonWriterBuilderBase                                      : loaded 2 times (x 79B)
Class org.apache.commons.io.file.PathUtils                                            : loaded 2 times (x 67B)
Class [Lcom.android.builder.model.v2.ide.ProjectType;                                 : loaded 2 times (x 65B)
Class kotlin.jvm.internal.markers.KMutableIterable                                    : loaded 2 times (x 66B)
Class org.gradle.tooling.internal.adapter.ProtocolToModelAdapter$DefaultViewBuilder   : loaded 2 times (x 76B)
Class com.google.common.collect.ImmutableMultisetGwtSerializationDependencies         : loaded 2 times (x 121B)
Class com.google.common.collect.Interners                                             : loaded 2 times (x 67B)
Class com.google.common.io.LineProcessor                                              : loaded 2 times (x 66B)
Class com.google.common.io.Closer$Suppressor                                          : loaded 2 times (x 66B)
Class org.objectweb.asm.RecordComponentWriter                                         : loaded 2 times (x 74B)
Class com.google.common.util.concurrent.AbstractFuture$Listener                       : loaded 2 times (x 68B)
Class kotlin.text.MatcherMatchResult$groupValues$1                                    : loaded 2 times (x 194B)
Class com.android.ide.common.gradle.Version$Companion$ParseState                      : loaded 2 times (x 66B)
Class [Lcom.android.builder.model.v2.ide.AaptOptions$Namespacing;                     : loaded 2 times (x 65B)
Class org.gradle.tooling.internal.adapter.ProtocolToModelAdapter$ViewGraphDetails$1   : loaded 2 times (x 73B)
Class org.objectweb.asm.Attribute                                                     : loaded 2 times (x 73B)
Class com.google.common.base.Supplier                                                 : loaded 2 times (x 66B)
Class org.gradle.internal.classloader.VisitableURLClassLoader                         : loaded 2 times (x 113B)
Class com.google.common.collect.ReverseNaturalOrdering                                : loaded 2 times (x 110B)
Class com.amazon.ion.impl.bin.IonManagedBinaryWriter$ImportedSymbolResolverMode$2     : loaded 2 times (x 76B)
Class sync_studio_tooling15740_d5fow7poomvffq4jard2yrlru                              : loaded 2 times (x 175B)
Class com.amazon.ion.impl.bin.IonRawBinaryWriter$1                                    : loaded 2 times (x 73B)
Class [Lcom.amazon.ion.SymbolTable;                                                   : loaded 2 times (x 65B)
Class com.amazon.ion.impl.bin.IonBinaryWriterAdapter$Factory                          : loaded 2 times (x 66B)
Class com.amazon.ion.impl.BlockedBuffer$BufferedOutputStream                          : loaded 2 times (x 86B)
Class org.jetbrains.plugins.gradle.tooling.serialization.ExternalTestsSerializationService$ReadContext: loaded 2 times (x 68B)
Class org.jetbrains.org.objectweb.asm.ClassVisitor                                    : loaded 2 times (x 83B)
Class com.android.ide.common.repository.AgpVersion$Companion                          : loaded 2 times (x 67B)
Class kotlin.sequences.FlatteningSequence$iterator$1                                  : loaded 2 times (x 75B)
Class org.gradle.internal.classloader.DefaultClassLoaderFactory                       : loaded 2 times (x 78B)
Class com.google.common.base.Suppliers                                                : loaded 2 times (x 67B)
Class org.gradle.tooling.model.idea.IdeaDependency                                    : loaded 2 times (x 66B)
Class com.google.common.util.concurrent.AbstractFuture$Waiter                         : loaded 2 times (x 68B)
Class org.jetbrains.org.objectweb.asm.tree.TypeInsnNode                               : loaded 2 times (x 74B)
Class [Lcom.google.common.cache.CacheBuilder$OneWeigher;                              : loaded 2 times (x 65B)
Class jdk.internal.jimage.decompressor.ZipDecompressor                                : loaded 2 times (x 71B)
Class com.amazon.ion.impl.bin.AbstractIonWriter$WriteValueOptimization                : loaded 2 times (x 75B)
Class org.objectweb.asm.MethodTooLargeException                                       : loaded 2 times (x 79B)
Class com.android.ide.common.gradle.Version$Companion                                 : loaded 2 times (x 67B)
Class [Lcom.android.builder.model.v2.ide.BytecodeTransformation;                      : loaded 2 times (x 65B)
Class com.android.builder.model.v2.ide.AaptOptions                                    : loaded 2 times (x 66B)
Class kotlin.collections.AbstractMutableList                                          : loaded 2 times (x 202B)
Class com.google.common.collect.MapMakerInternalMap                                   : loaded 2 times (x 157B)
Class com.google.common.base.Strings                                                  : loaded 2 times (x 67B)
Class com.google.common.collect.Sets                                                  : loaded 2 times (x 67B)
Class org.objectweb.asm.Handler                                                       : loaded 2 times (x 68B)
Class com.google.common.base.Ticker                                                   : loaded 2 times (x 68B)
Class [Lorg.jetbrains.kotlin.load.kotlin.header.KotlinClassHeader$Kind;               : loaded 2 times (x 65B)
Class com.google.common.base.Platform$JdkPatternCompiler                              : loaded 2 times (x 71B)
Class com.amazon.ion.impl.bin.BlockAllocatorProvider                                  : loaded 2 times (x 68B)
Class org.jetbrains.plugins.gradle.tooling.serialization.internal.IdeaProjectSerializationService$WriteContext: loaded 2 times (x 68B)
Class com.intellij.gradle.toolingExtension.impl.model.sourceSetDependencyModel.GradleSourceSetDependencySerialisationService: loaded 2 times (x 73B)
Class org.jetbrains.plugins.gradle.model.GradleSourceSetModel                         : loaded 2 times (x 66B)
Class com.android.builder.model.v2.models.ndk.NativeModelBuilderParameter             : loaded 2 times (x 66B)
Class kotlin.KotlinNothingValueException                                              : loaded 2 times (x 78B)
Class com.google.common.collect.MapMakerInternalMap$Strength                          : loaded 2 times (x 76B)
Class com.google.common.collect.MapMakerInternalMap$StrongKeyDummyValueEntry$LinkedStrongKeyDummyValueEntry: loaded 2 times (x 78B)
Class com.google.common.cache.RemovalCause$1                                          : loaded 2 times (x 76B)
Class [Lcom.google.common.cache.LocalCache$Segment;                                   : loaded 2 times (x 65B)
Class [Lcom.google.common.cache.LocalCache$Strength;                                  : loaded 2 times (x 65B)
Class com.google.common.cache.CacheBuilder$1                                          : loaded 2 times (x 81B)
Class org.gradle.internal.classpath.DefaultClassPath$ImmutableUniqueList$Builder      : loaded 2 times (x 71B)
Class kotlin.jvm.functions.Function3                                                  : loaded 2 times (x 66B)
Class com.intellij.util.containers.IntObjectHashMap$ArrayProducer                     : loaded 2 times (x 66B)
Class com.amazon.ion.impl.lite.IonSequenceLite                                        : loaded 2 times (x 428B)
Class com.amazon.ion.impl._Private_Utils$1                                            : loaded 2 times (x 85B)
Class com.amazon.ion.impl.SymbolTableAsStruct                                         : loaded 2 times (x 66B)
Class com.amazon.ion.impl.bin.IonManagedBinaryWriter$ImportedSymbolResolverMode$1     : loaded 2 times (x 76B)
Class com.amazon.ion.impl.lite.IonSymbolLite                                          : loaded 2 times (x 242B)
Class org.gradle.tooling.internal.adapter.WeakIdentityHashMap$AbsentValueProvider     : loaded 2 times (x 66B)
Class com.google.common.cache.RemovalCause$2                                          : loaded 2 times (x 76B)
Class com.google.common.collect.MapMakerInternalMap$WeakValueReference                : loaded 2 times (x 66B)
Class com.google.common.cache.LocalCache                                              : loaded 2 times (x 183B)
Class com.google.common.cache.CacheBuilder$2                                          : loaded 2 times (x 68B)
Class org.jetbrains.org.objectweb.asm.tree.IincInsnNode                               : loaded 2 times (x 74B)
Class org.jetbrains.org.objectweb.asm.tree.MultiANewArrayInsnNode                     : loaded 2 times (x 75B)
Class [Lcom.amazon.ion.impl.bin.IonRawBinaryWriter$StreamCloseMode;                   : loaded 2 times (x 65B)
Class com.amazon.ion.impl.bin.AbstractIonWriter                                       : loaded 2 times (x 157B)
Class org.jetbrains.plugins.gradle.tooling.util.ObjectCollector$Processor             : loaded 2 times (x 66B)
Class org.jetbrains.kotlin.idea.gradleTooling.AndroidAwareGradleModelProvider$Companion: loaded 2 times (x 67B)
Class kotlin.jvm.functions.Function4                                                  : loaded 2 times (x 66B)
Class org.objectweb.asm.ClassVisitor                                                  : loaded 2 times (x 84B)
Class kotlin.collections.EmptySet                                                     : loaded 2 times (x 118B)
Class kotlin.annotation.Target                                                        : loaded 2 times (x 66B)
Class [Lorg.objectweb.asm.Symbol;                                                     : loaded 2 times (x 65B)
Class org.gradle.internal.exceptions.NonGradleCauseExceptionsHolder                   : loaded 2 times (x 66B)
Class org.gradle.tooling.model.idea.IdeaModuleDependency                              : loaded 2 times (x 66B)
Class org.gradle.tooling.internal.adapter.ViewBuilder                                 : loaded 2 times (x 66B)
Class org.jetbrains.kotlin.config.LanguageVersion                                     : loaded 2 times (x 87B)
Class com.google.common.cache.RemovalCause$3                                          : loaded 2 times (x 76B)
Class com.google.common.collect.ArrayListMultimap                                     : loaded 2 times (x 168B)
Class com.google.common.base.AbstractIterator$1                                       : loaded 2 times (x 67B)
Class com.google.common.base.CharMatcher$Digit                                        : loaded 2 times (x 108B)
Class org.jetbrains.org.objectweb.asm.tree.LocalVariableAnnotationNode                : loaded 2 times (x 77B)
Class org.jetbrains.org.objectweb.asm.SymbolTable$Entry                               : loaded 2 times (x 70B)
Class org.jetbrains.kotlin.metadata.deserialization.BinaryVersion                     : loaded 2 times (x 70B)
Class com.google.common.reflect.TypeCapture                                           : loaded 2 times (x 67B)
Class jdk.internal.jimage.ImageStrings                                                : loaded 2 times (x 66B)
Class com.amazon.ion.system.IonReaderBuilder                                          : loaded 2 times (x 89B)
Class org.jetbrains.plugins.gradle.model.AnnotationProcessingConfig                   : loaded 2 times (x 66B)
Class com.amazon.ion.IonReader                                                        : loaded 2 times (x 66B)
Class sync_studio_tooling10621_80votf5h0avlio2aa3rm8ecih                              : loaded 2 times (x 175B)
Class gnu.trove.Equality                                                              : loaded 2 times (x 66B)
Class com.android.ide.common.gradle.Version                                           : loaded 2 times (x 71B)
Class com.android.builder.model.v2.ide.AndroidLibraryData                             : loaded 2 times (x 66B)
Class com.android.builder.model.v2.ide.ApiVersion                                     : loaded 2 times (x 66B)
Class kotlin.reflect.KDeclarationContainer                                            : loaded 2 times (x 66B)
Class kotlin.annotation.Retention                                                     : loaded 2 times (x 66B)
Class org.apache.commons.io.StandardLineSeparator                                     : loaded 2 times (x 75B)
Class com.google.common.base.Suppliers$MemoizingSupplier                              : loaded 2 times (x 75B)
Class com.google.common.cache.RemovalCause$4                                          : loaded 2 times (x 76B)
Class com.google.common.collect.CollectPreconditions                                  : loaded 2 times (x 67B)
Class com.google.common.base.CharMatcher$JavaIsoControl                               : loaded 2 times (x 108B)
Class org.jetbrains.org.objectweb.asm.tree.InvokeDynamicInsnNode                      : loaded 2 times (x 74B)
Class com.google.common.collect.TransformedListIterator                               : loaded 2 times (x 89B)
Class com.google.common.cache.LocalCache$Values                                       : loaded 2 times (x 114B)
Class org.jetbrains.kotlin.config.ExplicitApiMode$Companion                           : loaded 2 times (x 67B)
Class com.amazon.ion.IonClob                                                          : loaded 2 times (x 66B)
Class org.jetbrains.plugins.gradle.tooling.ModelBuilderService$Parameter              : loaded 2 times (x 66B)
Class com.android.builder.model.v2.models.Versions$Version                            : loaded 2 times (x 66B)
Class com.google.common.cache.RemovalCause$5                                          : loaded 2 times (x 76B)
Class [Lcom.google.common.collect.MapMakerInternalMap$Strength;                       : loaded 2 times (x 65B)
Class [Lcom.google.common.io.FileWriteMode;                                           : loaded 2 times (x 65B)
Class com.google.common.collect.Maps$AbstractFilteredMap                              : loaded 2 times (x 123B)
Class com.google.common.collect.SortedMapDifference                                   : loaded 2 times (x 66B)
Class com.google.common.base.CharMatcher$JavaLowerCase                                : loaded 2 times (x 107B)
Class [Lorg.jetbrains.org.objectweb.asm.Symbol;                                       : loaded 2 times (x 65B)
Class org.gradle.internal.operations.MultipleBuildOperationFailures                   : loaded 2 times (x 91B)
Class org.gradle.tooling.internal.adapter.MethodInvocation                            : loaded 2 times (x 81B)
Class com.amazon.ion.impl.lite.IonLobLite                                             : loaded 2 times (x 180B)
Class com.amazon.ion.impl.lite.IonTextLite                                            : loaded 2 times (x 177B)
Class com.amazon.ion.IonNumber                                                        : loaded 2 times (x 66B)
Class org.gradle.internal.impldep.gnu.trove.TObjectIntProcedure                       : loaded 2 times (x 66B)
Class gnu.trove.TObjectHashingStrategy                                                : loaded 2 times (x 66B)
Class org.gradle.tooling.internal.adapter.ProtocolToModelAdapter$ReflectionMethodInvoker: loaded 2 times (x 72B)
Class com.google.common.collect.Iterables$4                                           : loaded 2 times (x 77B)
Class com.google.common.collect.MapMakerInternalMap$StrongKeyDummyValueSegment        : loaded 2 times (x 138B)
Class com.google.common.io.Files                                                      : loaded 2 times (x 67B)
Class com.google.common.cache.LocalCache$WriteThroughEntry                            : loaded 2 times (x 75B)
Class com.google.common.cache.LocalCache$HashIterator                                 : loaded 2 times (x 82B)
Class com.google.common.cache.LocalCache$EntryFactory                                 : loaded 2 times (x 79B)
Class kotlin.sequences.TransformingSequence                                           : loaded 2 times (x 71B)
Class com.android.utils.FileUtils                                                     : loaded 2 times (x 67B)
Class com.android.builder.model.v2.ide.AaptOptions$Namespacing                        : loaded 2 times (x 75B)
Class com.intellij.util.ThrowableConsumer                                             : loaded 2 times (x 66B)
Class [Lcom.amazon.ion.impl.bin.IonManagedBinaryWriter$UserState;                     : loaded 2 times (x 65B)
Class com.amazon.ion.impl.bin.utf8.Utf8StringEncoder                                  : loaded 2 times (x 76B)
Class com.amazon.ion.IonBool                                                          : loaded 2 times (x 66B)
Class [Lcom.android.ide.common.gradle.Separator;                                      : loaded 2 times (x 65B)
Class com.google.common.collect.NullsLastOrdering                                     : loaded 2 times (x 111B)
Class jdk.internal.jimage.decompressor.StringSharingDecompressorFactory               : loaded 2 times (x 70B)
Class org.jetbrains.kotlin.tooling.core.HasMutableExtras                              : loaded 2 times (x 66B)
Class [Lcom.google.common.collect.MapMaker$Dummy;                                     : loaded 2 times (x 65B)
Class com.google.common.reflect.Types$NativeTypeVariableEquals                        : loaded 2 times (x 67B)
Class com.google.common.reflect.TypeParameter                                         : loaded 2 times (x 68B)
Class com.google.common.collect.Iterables$5                                           : loaded 2 times (x 77B)
Class com.google.common.cache.LocalCache$AbstractReferenceEntry                       : loaded 2 times (x 103B)
Class com.google.common.base.Splitter$1$1                                             : loaded 2 times (x 82B)
Class com.google.common.base.CharMatcher$Whitespace                                   : loaded 2 times (x 108B)
Class org.jetbrains.org.objectweb.asm.Attribute                                       : loaded 2 times (x 71B)
Class org.jetbrains.org.objectweb.asm.Label                                           : loaded 2 times (x 68B)
Class org.jetbrains.org.objectweb.asm.tree.FieldInsnNode                              : loaded 2 times (x 75B)
Class com.amazon.ion.IonLoader                                                        : loaded 2 times (x 66B)
Class org.jetbrains.plugins.gradle.model.GradleProperty                               : loaded 2 times (x 66B)
Class com.google.common.io.ByteArrayDataOutput                                        : loaded 2 times (x 66B)
Class org.gradle.tooling.internal.adapter.TargetTypeProvider                          : loaded 2 times (x 66B)
Class com.android.builder.model.v2.models.VariantDependencies                         : loaded 2 times (x 66B)
Class com.google.common.collect.ImmutableMapKeySet                                    : loaded 2 times (x 146B)
Class org.objectweb.asm.SymbolTable                                                   : loaded 2 times (x 68B)
Class com.google.common.cache.CacheLoader$InvalidCacheLoadException                   : loaded 2 times (x 78B)
Class com.google.common.base.CharMatcher$SingleWidth                                  : loaded 2 times (x 108B)
Class org.gradle.internal.classloader.SystemClassLoaderSpec                           : loaded 2 times (x 67B)
Class org.jetbrains.org.objectweb.asm.Frame                                           : loaded 2 times (x 69B)
Class com.android.builder.model.v2.ide.AndroidArtifact                                : loaded 2 times (x 66B)
Class kotlin.ranges.IntProgression$Companion                                          : loaded 2 times (x 67B)
Class com.amazon.ion.impl._Private_Utils                                              : loaded 2 times (x 67B)
Class kotlin.ranges.IntRange$Companion                                                : loaded 2 times (x 67B)
Class com.android.builder.model.v2.ide.TestedTargetVariant                            : loaded 2 times (x 66B)
Class kotlin.text.MatcherMatchResult$groups$1                                         : loaded 2 times (x 147B)
Class kotlin.collections.EmptyMap                                                     : loaded 2 times (x 105B)
Class kotlin.reflect.KAnnotatedElement                                                : loaded 2 times (x 66B)
Class kotlin.jvm.internal.markers.KMutableCollection                                  : loaded 2 times (x 66B)
Class kotlin.coroutines.intrinsics.IntrinsicsKt                                       : loaded 2 times (x 67B)
Class org.gradle.internal.exceptions.MultiCauseException                              : loaded 2 times (x 66B)
Class org.gradle.internal.time.CountdownTimer                                         : loaded 2 times (x 66B)
Class com.google.common.collect.FluentIterable                                        : loaded 2 times (x 77B)
Class com.google.common.cache.LocalCache$StrongEntry                                  : loaded 2 times (x 104B)
Class com.google.common.util.concurrent.AbstractFuture$TrustedFuture                  : loaded 2 times (x 110B)
Class com.google.common.cache.LoadingCache                                            : loaded 2 times (x 66B)
Class org.jetbrains.kotlin.load.kotlin.FileBasedKotlinClass$InnerClassesInfo          : loaded 2 times (x 70B)
Class org.jetbrains.plugins.gradle.model.AnnotationProcessingModel                    : loaded 2 times (x 66B)
Class org.jetbrains.plugins.gradle.model.GradleExtensions                             : loaded 2 times (x 66B)
Class com.amazon.ion.system.IonBinaryWriterBuilder                                    : loaded 2 times (x 95B)
Class com.amazon.ion.impl.bin.IonManagedBinaryWriter$UserState$4                      : loaded 2 times (x 81B)
Class jdk.internal.jrtfs.JrtFileSystem                                                : loaded 2 times (x 98B)
Class com.intellij.gradle.toolingExtension.impl.model.projectModel.GradleExternalProjectSerializationService$ReadContext: loaded 2 times (x 69B)
Class com.intellij.gradle.toolingExtension.impl.model.dependencyModel.DependencyWriteContext: loaded 2 times (x 68B)
Class kotlin.sequences.SequencesKt__SequencesKt$flatten$1                             : loaded 2 times (x 74B)
Class org.jetbrains.plugins.gradle.model.UnresolvedExternalDependency                 : loaded 2 times (x 66B)
Class kotlin.coroutines.intrinsics.CoroutineSingletons                                : loaded 2 times (x 75B)
Class org.gradle.tooling.model.ProjectModel                                           : loaded 2 times (x 66B)
Class com.google.common.base.Suppliers$NonSerializableMemoizingSupplier               : loaded 2 times (x 75B)
Class com.google.common.io.ByteStreams$LimitedInputStream                             : loaded 2 times (x 88B)
Class org.objectweb.asm.MethodWriter                                                  : loaded 2 times (x 102B)
Class [Lcom.google.common.cache.Weigher;                                              : loaded 2 times (x 65B)
Class org.jetbrains.org.objectweb.asm.tree.TypeAnnotationNode                         : loaded 2 times (x 76B)
Class org.gradle.api.internal.classpath.ManifestUtil                                  : loaded 2 times (x 67B)
Class jdk.internal.jimage.decompressor.CompressedResourceHeader                       : loaded 2 times (x 67B)
Class com.amazon.ion.impl.bin.utf8.Utf8StringEncoderPool                              : loaded 2 times (x 70B)
Class com.amazon.ion.impl._Private_IonSystem                                          : loaded 2 times (x 66B)
Class com.amazon.ion.BufferConfiguration$OversizedValueHandler                        : loaded 2 times (x 66B)
Class org.jetbrains.plugins.gradle.model.GradleConfiguration                          : loaded 2 times (x 66B)
Class com.android.ide.common.gradle.Version$Companion$ParseState$EMPTY                : loaded 2 times (x 70B)
Class kotlin.ranges.OpenEndRange                                                      : loaded 2 times (x 66B)
Class kotlin.sequences.SequenceBuilderIterator                                        : loaded 2 times (x 81B)
Class org.jetbrains.kotlin.cli.common.CompilerSystemProperties$Companion              : loaded 2 times (x 67B)
Class com.google.common.collect.ImmutableMultimap$1                                   : loaded 2 times (x 78B)
Class com.google.common.collect.AbstractMapBasedMultimap$RandomAccessWrappedList      : loaded 2 times (x 201B)
Class com.google.common.util.concurrent.ExecutionError                                : loaded 2 times (x 78B)
Class com.amazon.ion.IonDecimal                                                       : loaded 2 times (x 66B)
Class org.jetbrains.plugins.gradle.model.tests.ExternalTestsModel                     : loaded 2 times (x 66B)
Class kotlin.sequences.SequencesKt__SequencesKt$flatten$3                             : loaded 2 times (x 74B)
Class com.google.common.collect.ImmutableEnumSet                                      : loaded 2 times (x 142B)
Class com.google.common.collect.AbstractMapBasedMultimap$WrappedCollection            : loaded 2 times (x 120B)
Class com.android.ide.common.repository.AgpVersion$Companion$WhenMappings             : loaded 2 times (x 67B)
Class org.gradle.tooling.model.idea.IdeaLanguageLevel                                 : loaded 2 times (x 66B)
Class org.gradle.tooling.internal.adapter.ProtocolToModelAdapter$SafeMethodInvoker    : loaded 2 times (x 72B)
Class org.gradle.tooling.internal.adapter.WeakIdentityHashMap$WeakKey                 : loaded 2 times (x 75B)
Class org.gradle.internal.exceptions.DefaultMultiCauseException                       : loaded 2 times (x 91B)
Class [Lorg.jetbrains.kotlin.config.ExplicitApiMode;                                  : loaded 2 times (x 65B)
Class com.google.common.collect.ImmutableMultimap$2                                   : loaded 2 times (x 77B)
Class com.google.common.reflect.Types$JavaVersion$1                                   : loaded 2 times (x 79B)
Class com.google.common.collect.AbstractIterator$State                                : loaded 2 times (x 75B)
Class com.google.common.collect.RegularImmutableBiMap                                 : loaded 2 times (x 144B)
Class com.google.common.cache.LocalCache$ValueReference                               : loaded 2 times (x 66B)
Class [Lcom.google.common.cache.RemovalCause;                                         : loaded 2 times (x 65B)
Class com.amazon.ion.impl.bin.IonRawBinaryWriter$StreamCloseMode                      : loaded 2 times (x 75B)
Class com.amazon.ion.impl._Private_IonBinaryWriterBuilder$Mutable                     : loaded 2 times (x 111B)
Class com.intellij.gradle.toolingExtension.impl.model.projectModel.GradleExternalProjectSerializationService: loaded 2 times (x 73B)
Class kotlin.text.CharsKt__CharKt                                                     : loaded 2 times (x 67B)
Class com.android.builder.model.v2.ide.ProjectInfo                                    : loaded 2 times (x 66B)
Class org.gradle.tooling.internal.adapter.ProtocolToModelAdapter$InvocationHandlerImpl: loaded 2 times (x 73B)
Class kotlin.collections.ArrayDeque$Companion                                         : loaded 2 times (x 67B)
Class org.gradle.tooling.model.HierarchicalElement                                    : loaded 2 times (x 66B)
Class com.google.common.reflect.Types$JavaVersion$2                                   : loaded 2 times (x 79B)
Class com.google.common.reflect.Types                                                 : loaded 2 times (x 67B)
Class com.google.common.hash.PrimitiveSink                                            : loaded 2 times (x 66B)
Class com.google.common.base.PatternCompiler                                          : loaded 2 times (x 66B)
Class com.google.common.util.concurrent.AbstractFuture$Failure                        : loaded 2 times (x 68B)
Class com.google.common.base.Equivalence$Equals                                       : loaded 2 times (x 78B)
Class com.google.common.collect.Hashing                                               : loaded 2 times (x 67B)
Class org.gradle.tooling.model.build.GradleEnvironment                                : loaded 2 times (x 66B)
Class kotlin.LazyKt                                                                   : loaded 2 times (x 67B)
Class com.amazon.ion.impl.bin.IonRawBinaryWriter$PatchPoint                           : loaded 2 times (x 69B)
Class com.amazon.ion.IonBlob                                                          : loaded 2 times (x 66B)
Class com.amazon.ion.IonLob                                                           : loaded 2 times (x 66B)
Class com.amazon.ion.IonSequence                                                      : loaded 2 times (x 66B)
Class org.jetbrains.plugins.gradle.tooling.serialization.ExternalTestsSerializationService: loaded 2 times (x 73B)
Class com.android.builder.model.v2.models.VariantDependenciesAdjacencyList            : loaded 2 times (x 66B)
Class org.jetbrains.plugins.gradle.tooling.util.IntObjectMap$ObjectFactory            : loaded 2 times (x 66B)
Class com.android.builder.model.v2.dsl.DependenciesInfo                               : loaded 2 times (x 66B)
Class com.amazon.ion.IonException                                                     : loaded 2 times (x 80B)
Class com.amazon.ion.impl.bin.IonManagedBinaryWriter$UserState$3                      : loaded 2 times (x 81B)
Class com.google.common.collect.ByFunctionOrdering                                    : loaded 2 times (x 111B)
Class kotlin.coroutines.EmptyCoroutineContext                                         : loaded 2 times (x 73B)
Class org.gradle.internal.time.Time                                                   : loaded 2 times (x 67B)
Class [Lorg.apache.commons.io.file.DeleteOption;                                      : loaded 2 times (x 65B)
Class com.google.common.reflect.Types$JavaVersion$3                                   : loaded 2 times (x 79B)
Class com.google.common.io.CharSink                                                   : loaded 2 times (x 75B)
Class org.objectweb.asm.Label                                                         : loaded 2 times (x 69B)
Class org.objectweb.asm.CurrentFrame                                                  : loaded 2 times (x 69B)
Class org.objectweb.asm.ClassTooLargeException                                        : loaded 2 times (x 79B)
Class org.jetbrains.org.objectweb.asm.RecordComponentWriter                           : loaded 2 times (x 74B)
Class org.jetbrains.org.objectweb.asm.tree.Util                                       : loaded 2 times (x 67B)
Class com.amazon.ion.system.IonTextWriterBuilder                                      : loaded 2 times (x 94B)
Class com.amazon.ion.impl.bin.IonManagedBinaryWriter$ImportedSymbolResolverMode$1$1$1 : loaded 2 times (x 72B)
Class com.amazon.ion.impl._Private_LocalSymbolTableFactory                            : loaded 2 times (x 66B)
Class org.jetbrains.plugins.gradle.tooling.serialization.AnnotationProcessingModelSerializationService: loaded 2 times (x 73B)
Class org.gradle.internal.classloader.ClassLoaderHierarchy                            : loaded 2 times (x 66B)
Class [Lcom.google.common.base.AbstractIterator$State;                                : loaded 2 times (x 65B)
Class com.android.ide.common.gradle.Version$Companion$ParseState$NUMERIC              : loaded 2 times (x 70B)
Class com.google.common.io.FileWriteMode                                              : loaded 2 times (x 75B)
Class [Lcom.google.common.collect.MapMakerInternalMap$Segment;                        : loaded 2 times (x 65B)
Class com.android.ide.common.repository.AgpVersion$PreviewKind                        : loaded 2 times (x 75B)
Class com.android.builder.model.v2.models.ProjectGraph                                : loaded 2 times (x 66B)
Class org.jetbrains.kotlin.cli.common.messages.MessageCollector$Companion$NONE$1      : loaded 2 times (x 72B)
Class com.google.common.collect.MapMakerInternalMap$InternalEntryHelper               : loaded 2 times (x 66B)
Class com.google.common.collect.Table                                                 : loaded 2 times (x 66B)
Class com.google.common.reflect.Types$JavaVersion$4                                   : loaded 2 times (x 79B)
Class com.google.common.io.ByteSource$AsCharSource                                    : loaded 2 times (x 82B)
Class com.google.common.collect.Maps$IteratorBasedAbstractMap                         : loaded 2 times (x 121B)
Class org.objectweb.asm.Frame                                                         : loaded 2 times (x 69B)
Class org.objectweb.asm.MethodVisitor                                                 : loaded 2 times (x 101B)
Class com.google.common.cache.LocalCache$EntryFactory$1                               : loaded 2 times (x 79B)
Class [Lcom.google.common.cache.RemovalListener;                                      : loaded 2 times (x 65B)
Class org.jetbrains.org.objectweb.asm.MethodWriter                                    : loaded 2 times (x 101B)
Class org.jetbrains.kotlin.metadata.jvm.deserialization.JvmMetadataVersion$Companion  : loaded 2 times (x 67B)
Class com.google.common.cache.LocalCache$ValueIterator                                : loaded 2 times (x 82B)
Class com.amazon.ion.impl.lite.IonNullLite                                            : loaded 2 times (x 171B)
Class [Lcom.intellij.openapi.externalSystem.model.project.dependencies.ResolutionState;: loaded 2 times (x 65B)
Class org.gradle.internal.impldep.gnu.trove.TObjectHash                               : loaded 2 times (x 90B)
Class org.jetbrains.plugins.gradle.model.DependencyAccessorsModel                     : loaded 2 times (x 66B)
Class kotlin.jvm.internal.CollectionToArray                                           : loaded 2 times (x 67B)
Class kotlin.jvm.internal.CallableReference$NoReceiver                                : loaded 2 times (x 67B)
Class com.google.common.reflect.Types$JavaVersion$5                                   : loaded 2 times (x 67B)
Class [Lcom.google.common.reflect.Types$ClassOwnership;                               : loaded 2 times (x 65B)
Class com.google.common.cache.LocalCache$EntryFactory$2                               : loaded 2 times (x 79B)
Class org.gradle.api.internal.classpath.GlobalCacheRootsProvider                      : loaded 2 times (x 66B)
Class kotlin.Lazy                                                                     : loaded 2 times (x 66B)
Class com.intellij.gradle.toolingExtension.impl.model.sourceSetModel.GradleSourceSetSerialisationService$Companion: loaded 2 times (x 67B)
Class com.amazon.ion.impl.lite.IonClobLite                                            : loaded 2 times (x 216B)
Class com.amazon.ion.impl._Private_ValueFactory                                       : loaded 2 times (x 66B)
Class com.amazon.ion.impl.bin.IonRawBinaryWriter$PreallocationMode$1                  : loaded 2 times (x 78B)
Class [Lcom.amazon.ion.impl.bin._Private_IonManagedBinaryWriterBuilder$AllocatorMode; : loaded 2 times (x 65B)
Class org.jetbrains.kotlin.idea.gradleTooling.KotlinMPPGradleModel                    : loaded 2 times (x 66B)
Class com.intellij.gradle.toolingExtension.impl.model.dependencyDownloadPolicyModel.GradleDependencyDownloadPolicy: loaded 2 times (x 66B)
Class com.amazon.ion.impl._Private_IonValue                                           : loaded 2 times (x 66B)
Class org.gradle.tooling.model.BuildIdentifier                                        : loaded 2 times (x 66B)
Class com.google.common.collect.CollectCollectors                                     : loaded 2 times (x 67B)
Class org.objectweb.asm.ModuleWriter                                                  : loaded 2 times (x 78B)
Class com.google.common.cache.LocalCache$EntryFactory$3                               : loaded 2 times (x 79B)
Class com.google.common.base.Ticker$1                                                 : loaded 2 times (x 68B)
Class com.google.common.collect.Maps$BiMapConverter                                   : loaded 2 times (x 86B)
Class org.jetbrains.org.objectweb.asm.tree.InsnNode                                   : loaded 2 times (x 74B)
Class [Lkotlin.jvm.functions.Function1;                                               : loaded 2 times (x 65B)
Class org.jetbrains.org.objectweb.asm.RecordComponentVisitor                          : loaded 2 times (x 73B)
Class sync_studio_tooling10016_aa6uv1i756vchjry0sv6f2ada                              : loaded 2 times (x 175B)
Class Settings_gradle$1$1$1                                                           : loaded 2 times (x 70B)
Class com.amazon.ion.IonInt                                                           : loaded 2 times (x 66B)
Class com.amazon.ion.impl.bin.IonRawBinaryWriter$PreallocationMode$2                  : loaded 2 times (x 78B)
Class org.jetbrains.kotlin.idea.gradleTooling.PrepareKotlinIdeImportTaskModel         : loaded 2 times (x 66B)
Class com.amazon.ion.impl.bin.IonManagedBinaryWriter$UserState$2                      : loaded 2 times (x 81B)
Class jdk.internal.jimage.BasicImageReader                                            : loaded 2 times (x 91B)
Class org.jetbrains.kotlin.load.kotlin.FileBasedKotlinClass$OuterAndInnerName         : loaded 2 times (x 68B)
Class com.android.builder.model.v2.ide.VectorDrawablesOptions                         : loaded 2 times (x 66B)
Class com.google.common.collect.CollectSpliterators$1                                 : loaded 2 times (x 86B)
Class com.google.common.cache.LocalCache$EntryFactory$4                               : loaded 2 times (x 79B)
Class org.jetbrains.org.objectweb.asm.MethodTooLargeException                         : loaded 2 times (x 79B)
Class org.jetbrains.org.objectweb.asm.Context                                         : loaded 2 times (x 68B)
Class kotlin.sequences.ConstrainedOnceSequence                                        : loaded 2 times (x 71B)
Class com.amazon.ion.impl.bin.IonRawBinaryWriter$PreallocationMode$3                  : loaded 2 times (x 78B)
Class com.android.ide.gradle.model.GradlePluginModel                                  : loaded 2 times (x 66B)
Class com.android.builder.model.v2.ide.Edge                                           : loaded 2 times (x 66B)
Class com.google.common.collect.ReverseOrdering                                       : loaded 2 times (x 111B)
Class com.android.builder.model.v2.models.VariantDependenciesFlatList                 : loaded 2 times (x 66B)
Class org.gradle.tooling.model.build.JavaEnvironment                                  : loaded 2 times (x 66B)
Class com.google.common.io.ByteStreams$1                                              : loaded 2 times (x 81B)
Class com.google.common.cache.LocalCache$EntryFactory$5                               : loaded 2 times (x 79B)
Class org.jetbrains.org.objectweb.asm.CurrentFrame                                    : loaded 2 times (x 69B)
Class org.gradle.internal.classloader.FilteringClassLoader                            : loaded 2 times (x 101B)
Class com.google.common.base.PairwiseEquivalence                                      : loaded 2 times (x 79B)
Class com.amazon.ion.impl.lite.IonDecimalLite                                         : loaded 2 times (x 184B)
Class org.jetbrains.plugins.gradle.model.GradleExtension                              : loaded 2 times (x 66B)
Class com.amazon.ion.IonBufferConfiguration$Builder                                   : loaded 2 times (x 74B)
Class com.android.builder.model.v2.ide.SourceSetContainer                             : loaded 2 times (x 66B)
Class org.gradle.internal.time.Timer                                                  : loaded 2 times (x 66B)
Class org.apache.commons.io.output.AppendableWriter                                   : loaded 2 times (x 96B)
Class org.jetbrains.kotlin.config.JVMAssertionsMode$Companion                         : loaded 2 times (x 67B)
Class com.google.common.cache.LocalCache$EntryFactory$6                               : loaded 2 times (x 79B)
Class org.gradle.internal.installation.CurrentGradleInstallationLocator               : loaded 2 times (x 67B)
Class org.jetbrains.org.objectweb.asm.tree.LdcInsnNode                                : loaded 2 times (x 74B)
Class [Lcom.amazon.ion.impl.bin.IonRawBinaryWriter$ContainerType;                     : loaded 2 times (x 65B)
Class com.android.builder.model.v2.ide.LintOptions                                    : loaded 2 times (x 66B)
Class com.google.common.base.Equivalence$Identity                                     : loaded 2 times (x 78B)
Class org.gradle.tooling.internal.adapter.ProtocolToModelAdapter$ViewGraphDetails     : loaded 2 times (x 68B)
Class org.gradle.tooling.model.idea.IdeaProject                                       : loaded 2 times (x 66B)
Class org.gradle.tooling.model.DomainObjectSet                                        : loaded 2 times (x 66B)
Class org.jetbrains.kotlin.cli.common.messages.CompilerMessageSeverity$Companion      : loaded 2 times (x 67B)
Class org.apache.commons.io.output.ThresholdingOutputStream                           : loaded 2 times (x 91B)
Class com.google.common.collect.ImmutableMultimap$Builder                             : loaded 2 times (x 79B)
Class com.google.common.io.ByteSource$SlicedByteSource                                : loaded 2 times (x 81B)
Class com.google.common.collect.Maps$KeySet                                           : loaded 2 times (x 133B)
Class com.google.common.cache.LocalCache$EntryFactory$7                               : loaded 2 times (x 79B)
Class com.google.common.collect.ImmutableSet$EmptySetBuilderImpl                      : loaded 2 times (x 72B)
Class org.gradle.internal.service.DefaultServiceLocator                               : loaded 2 times (x 79B)
Class org.jetbrains.org.objectweb.asm.SymbolTable                                     : loaded 2 times (x 68B)
Class org.jetbrains.org.objectweb.asm.tree.UnsupportedClassVersionException           : loaded 2 times (x 78B)
Class jdk.internal.jrtfs.JrtDirectoryStream                                           : loaded 2 times (x 85B)
Class com.amazon.ion.impl.bin.utf8.Utf8StringEncoder$Result                           : loaded 2 times (x 70B)
Class com.amazon.ion.impl.bin.utf8.Pool$Allocator                                     : loaded 2 times (x 66B)
Class com.amazon.ion.IonText                                                          : loaded 2 times (x 66B)
Class com.amazon.ion.impl.SymbolTokenImpl                                             : loaded 2 times (x 77B)
Class com.amazon.ion.SubstituteSymbolTableException                                   : loaded 2 times (x 80B)
Class com.android.builder.model.v2.ide.BasicArtifact                                  : loaded 2 times (x 66B)
Class com.google.common.io.LineReader                                                 : loaded 2 times (x 68B)
Class kotlin.coroutines.jvm.internal.SuspendFunction                                  : loaded 2 times (x 66B)
Class org.gradle.util.GradleVersion                                                   : loaded 2 times (x 79B)
Class com.google.common.collect.ImmutableMultimap$EntryCollection                     : loaded 2 times (x 123B)
Class com.google.common.cache.LocalCache$SoftValueReference                           : loaded 2 times (x 93B)
Class com.google.common.collect.Maps$EntrySet                                         : loaded 2 times (x 132B)
Class org.jetbrains.kotlin.util.capitalizeDecapitalize.CapitalizeDecapitalizeKt       : loaded 2 times (x 67B)
Class com.google.common.cache.LocalCache$EntryFactory$8                               : loaded 2 times (x 79B)
Class org.gradle.internal.installation.CurrentGradleInstallation                      : loaded 2 times (x 69B)
Class org.jetbrains.org.objectweb.asm.ModuleWriter                                    : loaded 2 times (x 77B)
Class com.amazon.ion.impl.bin.IonManagedBinaryWriter$ImportDescriptor                 : loaded 2 times (x 72B)
Class com.amazon.ion.SymbolTable                                                      : loaded 2 times (x 66B)
Class org.jetbrains.plugins.gradle.tooling.serialization.GradleExtensionsSerializationService$WriteContext: loaded 2 times (x 68B)
Class com.intellij.gradle.toolingExtension.impl.model.taskModel.GradleTaskSerialisationService$Companion: loaded 2 times (x 67B)
Class org.jetbrains.plugins.gradle.javaModel.JavaGradleManifestModel                  : loaded 2 times (x 66B)
Class kotlin.jvm.internal.Ref$BooleanRef                                              : loaded 2 times (x 67B)
Class kotlin.jvm.internal.StringCompanionObject                                       : loaded 2 times (x 67B)
Class kotlin.sequences.FlatteningSequence                                             : loaded 2 times (x 71B)
Class kotlin.text.MatcherMatchResult                                                  : loaded 2 times (x 76B)
Class kotlin.coroutines.intrinsics.IntrinsicsKt__IntrinsicsJvmKt                      : loaded 2 times (x 67B)
Class kotlin.coroutines.jvm.internal.CoroutineStackFrame                              : loaded 2 times (x 66B)
Class org.gradle.tooling.internal.adapter.ProtocolToModelAdapter$MethodInvocationCache$MethodInvocationKey: loaded 2 times (x 69B)
Class com.google.common.cache.CacheLoader$1                                           : loaded 2 times (x 71B)
Class org.gradle.util.internal.GUtil                                                  : loaded 2 times (x 67B)
Class [Lorg.jetbrains.org.objectweb.asm.Label;                                        : loaded 2 times (x 65B)
Class kotlin.text.MatchGroupCollection                                                : loaded 2 times (x 66B)
Class com.android.builder.model.v2.ide.ViewBindingOptions                             : loaded 2 times (x 66B)
Class [Lcom.amazon.ion.impl.bin.IonManagedBinaryWriter$SymbolState;                   : loaded 2 times (x 65B)
Class com.amazon.ion.impl._Private_IonWriterBase                                      : loaded 2 times (x 158B)
Class com.amazon.ion.system.IonSystemBuilder                                          : loaded 2 times (x 71B)
Class com.amazon.ion.IonCatalog                                                       : loaded 2 times (x 66B)
Class com.intellij.gradle.toolingExtension.impl.model.sourceSetModel.GradleSourceSetSerialisationService$SourceSetModelReadContext: loaded 2 times (x 68B)
Class com.intellij.gradle.toolingExtension.impl.model.utilTurnOffDefaultTasksModel.TurnOffDefaultTasks: loaded 2 times (x 66B)
Class com.android.utils.StringHelper                                                  : loaded 2 times (x 67B)
Class com.google.common.io.ByteSource                                                 : loaded 2 times (x 80B)
Class com.google.common.util.concurrent.AbstractFuture$SetFuture                      : loaded 2 times (x 71B)
Class com.google.common.cache.AbstractCache$StatsCounter                              : loaded 2 times (x 66B)
Class com.intellij.gradle.toolingExtension.impl.model.sourceSetModel.GradleSourceSetSerialisationService$SourceSetModelWriteContext: loaded 2 times (x 68B)
Class kotlin.ranges.IntProgressionIterator                                            : loaded 2 times (x 78B)
Class com.android.builder.model.v2.dsl.BuildType                                      : loaded 2 times (x 66B)
Class org.jetbrains.plugins.gradle.tooling.serialization.internal.IdeaProjectSerializationService$ReadContext: loaded 2 times (x 68B)
Class com.amazon.ion.impl.bin.IonManagedBinaryWriter$UserState$1                      : loaded 2 times (x 81B)
Class kotlin.coroutines.CoroutineContext                                              : loaded 2 times (x 66B)
Class kotlin.coroutines.jvm.internal.DebugProbesKt                                    : loaded 2 times (x 67B)
Class org.gradle.tooling.internal.adapter.WeakIdentityHashMap                         : loaded 2 times (x 72B)
Class org.gradle.tooling.GradleConnectionException                                    : loaded 2 times (x 78B)
Class org.gradle.tooling.internal.adapter.ProtocolToModelAdapter$1                    : loaded 2 times (x 71B)
Class org.gradle.tooling.internal.adapter.ProtocolToModelAdapter$ViewDecoration       : loaded 2 times (x 66B)
Class com.google.common.io.LineBuffer                                                 : loaded 2 times (x 71B)
Class com.google.common.collect.MapMakerInternalMap$1                                 : loaded 2 times (x 79B)
Class com.google.common.reflect.Types$TypeVariableImpl                                : loaded 2 times (x 68B)
Class org.gradle.internal.installation.GradleInstallation                             : loaded 2 times (x 71B)
Class jdk.internal.jimage.decompressor.ResourceDecompressor$StringsProvider           : loaded 2 times (x 66B)
Class com.amazon.ion.impl._Private_RecyclingQueue$Recycler                            : loaded 2 times (x 66B)
Class com.amazon.ion.impl.lite.ContainerlessContext                                   : loaded 2 times (x 76B)
Class org.jetbrains.plugins.gradle.tooling.serialization.GradleExtensionsSerializationService$ReadContext: loaded 2 times (x 68B)
Class org.gradle.internal.classloader.ClassLoaderFactory                              : loaded 2 times (x 66B)
Class com.google.common.collect.ForwardingCollection                                  : loaded 2 times (x 126B)
Class com.google.common.collect.LexicographicalOrdering                               : loaded 2 times (x 111B)
Class org.gradle.tooling.internal.adapter.MethodInvoker                               : loaded 2 times (x 66B)
Class org.jetbrains.kotlin.config.LanguageFeature$State                               : loaded 2 times (x 78B)
Class com.google.common.base.Splitter$Strategy                                        : loaded 2 times (x 66B)
Class com.amazon.ion.UnexpectedEofException                                           : loaded 2 times (x 80B)
Class com.amazon.ion.IonSexp                                                          : loaded 2 times (x 66B)
Class com.amazon.ion.ReadOnlyValueException                                           : loaded 2 times (x 80B)
Class com.amazon.ion.impl._Private_LocalSymbolTable                                   : loaded 2 times (x 66B)
Class com.amazon.ion.BufferConfiguration$DataHandler                                  : loaded 2 times (x 66B)
Class com.amazon.ion.impl._Private_IonBinaryWriterBuilder                             : loaded 2 times (x 111B)
Class org.jetbrains.plugins.gradle.tooling.serialization.RepositoriesModelSerializationService$WriteContext: loaded 2 times (x 68B)
Class com.android.ide.gradle.model.LegacyAndroidGradlePluginProperties                : loaded 2 times (x 66B)
Class com.android.ide.common.gradle.Part                                              : loaded 2 times (x 73B)
Class com.google.common.collect.Lists$RandomAccessReverseList                         : loaded 2 times (x 196B)
Class kotlin.ranges.IntProgression                                                    : loaded 2 times (x 77B)
Class kotlin.jvm.KotlinReflectionNotSupportedError                                    : loaded 2 times (x 78B)
Class org.gradle.tooling.model.gradle.GradleScript                                    : loaded 2 times (x 66B)

---------------  S Y S T E M  ---------------

OS:
 Windows 11 , 64 bit Build 26100 (10.0.26100.3323)
OS uptime: 0 days 12:54 hours
Hyper-V role detected

CPU: total 16 (initial active 16) (8 cores per cpu, 2 threads per core) family 6 model 154 stepping 3 microcode 0x420, cx8, cmov, fxsr, ht, mmx, 3dnowpref, sse, sse2, sse3, ssse3, sse4.1, sse4.2, popcnt, lzcnt, tsc, tscinvbit, avx, avx2, aes, erms, clmul, bmi1, bmi2, adx, sha, fma, vzeroupper, clflush, clflushopt, clwb, hv, serialize, rdtscp, rdpid, fsrm, f16c, cet_ibt, cet_ss
Processor Information for processor 0
  Max Mhz: 3100, Current Mhz: 1500, Mhz Limit: 3100
Processor Information for processor 1
  Max Mhz: 3100, Current Mhz: 3100, Mhz Limit: 3100
Processor Information for processor 2
  Max Mhz: 3100, Current Mhz: 1500, Mhz Limit: 3100
Processor Information for processor 3
  Max Mhz: 3100, Current Mhz: 1500, Mhz Limit: 3100
Processor Information for processor 4
  Max Mhz: 3100, Current Mhz: 1500, Mhz Limit: 3100
Processor Information for processor 5
  Max Mhz: 3100, Current Mhz: 1500, Mhz Limit: 3100
Processor Information for processor 6
  Max Mhz: 3100, Current Mhz: 3100, Mhz Limit: 3100
Processor Information for processor 7
  Max Mhz: 3100, Current Mhz: 1500, Mhz Limit: 3100
Processor Information for processor 8
  Max Mhz: 3100, Current Mhz: 2232, Mhz Limit: 2232
Processor Information for processor 9
  Max Mhz: 3100, Current Mhz: 2232, Mhz Limit: 2232
Processor Information for processor 10
  Max Mhz: 3100, Current Mhz: 2232, Mhz Limit: 2232
Processor Information for processor 11
  Max Mhz: 3100, Current Mhz: 2232, Mhz Limit: 2232
Processor Information for processor 12
  Max Mhz: 3100, Current Mhz: 2232, Mhz Limit: 2232
Processor Information for processor 13
  Max Mhz: 3100, Current Mhz: 2232, Mhz Limit: 2232
Processor Information for processor 14
  Max Mhz: 3100, Current Mhz: 2232, Mhz Limit: 2232
Processor Information for processor 15
  Max Mhz: 3100, Current Mhz: 2232, Mhz Limit: 2232

Memory: 4k page, system-wide physical 16088M (1772M free)
TotalPageFile size 20184M (AvailPageFile size 71M)
current process WorkingSet (physical memory assigned to process): 1560M, peak: 1569M
current process commit charge ("private bytes"): 1609M, peak: 1728M

vm_info: OpenJDK 64-Bit Server VM (21.0.5+-12932927-b750.29) for windows-amd64 JRE (21.0.5+-12932927-b750.29), built on 2025-01-17T02:01:10Z by "builder" with MS VC++ 16.10 / 16.11 (VS2019)

END.
